Launch Date,Status,,Ad Name,Cost,Leads,CPL,New Leads,Cost per New Lead,Calls,Cost per Call,Stage: Incoming Call,cost per incoming call,Stage: Connected Call,cost per connected call,Sales,Cost per Sale,Revenue,RPS,ROAS,Profit,CTR (all),CTR (link),CPM,Impressions,Clicks (all),Link Clicks,Closes,Cash Collected,Revenue
1/5/2025,Winner,,SC1_9t5 | SV1_beach1,"$10,000.00",#REF!,#REF!,,,#REF!,,#REF!,#REF!,#REF!,#REF!,#REF!,#REF!,#REF!,,"100,000","1,000",900,200,100,48,25,15,5,"$15,000.00","$25,000.00"
9/15/2025,Loser,,SC1_LongDistance1597 | SV1_TruckSide,"$2,537.50",46,$55.16,38,$66.78,10,$253.75,6,$422.92,2,"$1,268.75",0,#DIV/0!,$0.00,#DIV/0!,0.00,"-$2,537.50",1.49%,1.02%,$82.97,"30,584",455,311,,,
9/15/2025,Loser,,SC1_LongDistance1597 | SV2_TruckSide2,"$7,863.78",166,$47.37,122,$64.46,42,$187.23,17,$462.58,9,$873.75,3,"$2,621.26","$5,491.96","$1,830.65",0.70,"-$2,371.82",1.32%,0.90%,$71.08,"110,628","1,456",991,,,
9/15/2025,Winner,,SC1_LongDistance1597 | SV3_TruckBack,"$42,694.17",773,$55.23,630,$67.77,347,$123.04,51,$837.14,76,$561.77,39,"$1,094.72","$57,723.21","$1,480.08",1.35,"$15,029.04",2.01%,1.38%,$65.95,"647,406","13,020","8,944",,,
9/15/2025,Loser,,SC2_WellMoveEverything | SV4_AppleNoteButtonCTA,"$2,603.54",48,$54.24,37,$70.37,4,$650.89,4,$650.89,2,"$1,301.77",1,"$2,603.54",$0.00,$0.00,0.00,"-$2,603.54",1.36%,0.86%,$52.57,"49,528",674,427,,,
9/15/2025,Loser,,SC2_WellMoveEverything | SV5_AppleNoteLinkCTA,"$4,653.14",71,$65.54,48,$96.94,11,$423.01,4,"$1,163.29",2,"$2,326.57",2,"$2,326.57","$2,932.94","$1,466.47",0.63,"-$1,720.20",1.35%,0.85%,$46.77,"99,494","1,340",843,,,
9/15/2025,Loser,,SC3_WhyPayMore | SV4_AppleNoteButtonCTA,"$2,530.68",38,$66.60,21,$120.51,3,$843.56,2,"$1,265.34",1,"$2,530.68",1,"$2,530.68","$1,528.00","$1,528.00",0.60,"-$1,002.68",1.57%,1.08%,$74.03,"34,185",537,368,,,
9/15/2025,Loser,,SC3_WhyPayMore | SV5_AppleNoteLinkCTA,"$2,266.21",29,$78.15,23,$98.53,3,$755.40,2,"$1,133.11",1,"$2,266.21",1,"$2,266.21",$846.38,$846.38,0.37,"-$1,419.83",1.46%,1.00%,$61.84,"36,647",535,367,,,
9/15/2025,Winner,,SC4_CityPrices | SV6_TruckFreeway,"$10,943.02",219,$49.97,173,$63.25,74,$147.88,35,$312.66,16,$683.94,7,"$1,563.29","$10,301.76","$1,471.68",0.94,-$641.26,3.10%,2.73%,$57.21,"191,290","5,937","5,213",,,
9/15/2025,Winner,,SC5_MovingChecklist | SV7_AppleNote,"$12,724.72",206,$61.77,141,$90.25,43,$295.92,20,$636.24,13,$978.82,9,"$1,413.86","$17,205.18","$1,911.69",1.35,"$4,480.46",1.57%,0.88%,$34.32,"370,794","5,810","3,281",,,
9/15/2025,Winner,,SC6_MovingLongDistance | SV3_TruckBack,"$7,824.57",123,$63.61,95,$82.36,59,$132.62,16,$489.04,7,"$1,117.80",4,"$1,956.14","$3,301.18",$825.30,0.42,"-$4,523.39",2.25%,1.63%,$97.09,"80,589","1,811","1,312",,,
9/15/2025,Winner,,SC7_CheckThis | SV8_Gmail,"$52,030.42","1,246",$41.76,"1,033",$50.37,294,$176.97,111,$468.74,96,$541.98,46,"$1,131.10","$74,745.69","$1,624.91",1.44,"$22,715.27",2.24%,1.22%,$31.82,"1,635,279","36,661","19,876",,,
9/15/2025,Winner,,SC8_Dodged4kBill | SV8_Gmail,"$17,194.26",303,$56.75,228,$75.41,75,$229.26,28,$614.08,17,"$1,011.43",16,"$1,074.64","$22,903.77","$1,431.49",1.33,"$5,709.51",2.81%,1.36%,$38.59,"445,544","12,529","6,064",,,
9/15/2025,Winner,,SC9_AlmostPaidDouble | SV8_Gmail,"$69,404.47","1,361",$51.00,"1,060",$65.48,447,$155.27,101,$687.17,107,$648.64,47,"$1,476.69","$79,952.03","$1,701.11",1.15,"$10,547.56",2.30%,1.38%,$43.45,"1,597,263","36,758","22,097",,,
9/15/2025,Loser,,SC10_Saved2k | SV8_Gmail,"$6,178.13",139,$44.45,109,$56.68,24,$257.42,17,$363.42,7,$882.59,2,"$3,089.07","$4,177.08","$2,088.54",0.68,"-$2,001.05",1.97%,0.97%,$34.22,"180,566","3,562","1,756",,,
10/15/2025,Winner,,SC11_FlyingFunny | SV8_Gmail,"$26,827.94",499,$53.76,404,$66.41,221,$121.39,65,$412.74,47,$570.81,19,"$1,412.00","$29,565.78","$1,556.09",1.10,"$2,737.84",3.69%,3.67%,$21.12,"1,270,297","46,887","46,586",,,
10/15/2025,,,SC12_FinalCheck | SV8_Gmail,$0.00,0,#DIV/0!,0,#DIV/0!,0,#DIV/0!,0,#DIV/0!,0,#DIV/0!,0,#DIV/0!,$0.00,#DIV/0!,#DIV/0!,$0.00,#DIV/0!,#DIV/0!,#DIV/0!,0,0,0,,,
10/15/2025,,,SC13_SavedMe | SV8_Gmail,$0.00,0,#DIV/0!,0,#DIV/0!,0,#DIV/0!,0,#DIV/0!,0,#DIV/0!,0,#DIV/0!,$0.00,#DIV/0!,#DIV/0!,$0.00,#DIV/0!,#DIV/0!,#DIV/0!,0,0,0,,,
10/15/2025,,,SC14_AlmostOverpaid | SV8_Gmail,$0.00,0,#DIV/0!,0,#DIV/0!,0,#DIV/0!,0,#DIV/0!,0,#DIV/0!,0,#DIV/0!,$0.00,#DIV/0!,#DIV/0!,$0.00,#DIV/0!,#DIV/0!,#DIV/0!,0,0,0,,,
10/15/2025,,,SC11_FlyingFunny | SV9_GmailLight,$0.00,0,#DIV/0!,0,#DIV/0!,0,#DIV/0!,0,#DIV/0!,0,#DIV/0!,0,#DIV/0!,$0.00,#DIV/0!,#DIV/0!,$0.00,#DIV/0!,#DIV/0!,#DIV/0!,0,0,0,,,
10/15/2025,,,SC12_FinalCheck | SV9_GmailLight,$0.00,0,#DIV/0!,0,#DIV/0!,0,#DIV/0!,0,#DIV/0!,0,#DIV/0!,0,#DIV/0!,$0.00,#DIV/0!,#DIV/0!,$0.00,#DIV/0!,#DIV/0!,#DIV/0!,0,0,0,,,
10/15/2025,,,SC13_SavedMe | SV9_GmailLight,$0.00,0,#DIV/0!,0,#DIV/0!,0,#DIV/0!,0,#DIV/0!,0,#DIV/0!,0,#DIV/0!,$0.00,#DIV/0!,#DIV/0!,$0.00,#DIV/0!,#DIV/0!,#DIV/0!,0,0,0,,,
10/15/2025,,,SC14_AlmostOverpaid | SV9_GmailLight,$0.00,0,#DIV/0!,0,#DIV/0!,0,#DIV/0!,0,#DIV/0!,0,#DIV/0!,0,#DIV/0!,$0.00,#DIV/0!,#DIV/0!,$0.00,#DIV/0!,#DIV/0!,#DIV/0!,0,0,0,,,
10/26/2025,Testing,,SC7_CheckThis | SV10_TwitterStyleDark,$660.01,10,$66.00,6,$110.00,1,$660.01,0,#DIV/0!,1,$660.01,0,#DIV/0!,$0.00,#DIV/0!,0.00,-$660.01,1.04%,0.68%,$34.20,"19,299",200,132,,,
10/26/2025,Testing,,SC8_Dodged4kBill | SV10_TwitterStyleDark,$407.96,6,$67.99,4,$101.99,0,#DIV/0!,0,#DIV/0!,0,#DIV/0!,0,#DIV/0!,$0.00,#DIV/0!,0.00,-$407.96,1.51%,0.86%,$32.33,"12,618",190,109,,,
10/26/2025,On the fence,,SC9_AlmostPaidDouble | SV10_TwitterStyleDark,"$1,155.48",17,$67.97,16,$72.22,2,$577.74,1,"$1,155.48",1,"$1,155.48",0,#DIV/0!,$0.00,#DIV/0!,0.00,"-$1,155.48",1.01%,0.61%,$31.57,"36,605",368,222,,,
10/26/2025,Winner,,SC7_CheckThis | SV11_TwitterStyleLight,"$20,962.36",381,$55.02,297,$70.58,176,$119.10,31,$676.21,50,$419.25,25,$838.49,"$36,629.26","$1,465.17",1.75,"$15,666.90",1.52%,1.11%,$34.51,"607,405","9,217","6,765",,,
10/26/2025,Loser,,SC8_Dodged4kBill | SV11_TwitterStyleLight,$339.12,2,$169.56,2,$169.56,0,#DIV/0!,0,#DIV/0!,0,#DIV/0!,0,#DIV/0!,$0.00,#DIV/0!,0.00,-$339.12,1.30%,0.82%,$40.91,"8,289",108,68,,,
10/26/2025,Testing,,SC9_AlmostPaidDouble | SV11_TwitterStyleLight,$192.51,6,$32.09,3,$64.17,0,#DIV/0!,0,#DIV/0!,0,#DIV/0!,0,#DIV/0!,$0.00,#DIV/0!,0.00,-$192.51,1.59%,1.13%,$40.33,"4,773",76,54,,,
11/11/2025,Loser,,SC15_MovingCallPricing | SV3_TruckBack,"$1,786.56",17,$105.09,15,$119.10,6,$297.76,3,$595.52,1,"$1,786.56",0,#DIV/0!,$0.00,#DIV/0!,0.00,"-$1,786.56",1.74%,1.18%,$84.49,"21,144",367,249,,,
11/11/2025,Loser,,SC16_CompanyvsVAM | SV12_UsvsThem,$763.34,3,$254.45,2,$381.67,1,$763.34,0,#DIV/0!,1,$763.34,0,#DIV/0!,$0.00,#DIV/0!,0.00,-$763.34,2.20%,1.65%,$75.70,"10,084",222,166,,,
11/11/2025,Loser,,SC17_LongSaveBook | SV3_TruckBack,"$1,802.77",20,$90.14,19,$94.88,4,$450.69,3,$600.92,0,#DIV/0!,0,#DIV/0!,$0.00,#DIV/0!,0.00,"-$1,802.77",1.60%,1.20%,$84.66,"21,294",341,255,,,
11/11/2025,Loser,,SC18_SaveMoveToday | SV3_TruckBack,"$1,870.60",25,$74.82,17,$110.04,4,$467.65,0,#DIV/0!,2,$935.30,0,#DIV/0!,$0.00,#DIV/0!,0.00,"-$1,870.60",1.86%,1.59%,$76.39,"24,488",456,389,,,
,,,SC19_CheckThisHolidayV1 | SV9_GmailLight,$0.00,0,#DIV/0!,0,#DIV/0!,0,#DIV/0!,0,#DIV/0!,0,#DIV/0!,0,#DIV/0!,$0.00,#DIV/0!,#DIV/0!,$0.00,#DIV/0!,#DIV/0!,#DIV/0!,0,0,0,,,
,,,SC19_CheckThisHolidayV1 | SV13_GmailDark,$0.00,0,#DIV/0!,0,#DIV/0!,0,#DIV/0!,0,#DIV/0!,0,#DIV/0!,0,#DIV/0!,$0.00,#DIV/0!,#DIV/0!,$0.00,#DIV/0!,#DIV/0!,#DIV/0!,0,0,0,,,
,,,SC20_CheckThisHolidayV2 | SV9_GmailLight,$0.00,0,#DIV/0!,0,#DIV/0!,0,#DIV/0!,0,#DIV/0!,0,#DIV/0!,0,#DIV/0!,$0.00,#DIV/0!,#DIV/0!,$0.00,#DIV/0!,#DIV/0!,#DIV/0!,0,0,0,,,
,,,SC20_CheckThisHolidayV2 | SV13_GmailDark,$0.00,0,#DIV/0!,0,#DIV/0!,0,#DIV/0!,0,#DIV/0!,0,#DIV/0!,0,#DIV/0!,$0.00,#DIV/0!,#DIV/0!,$0.00,#DIV/0!,#DIV/0!,#DIV/0!,0,0,0,,,
,,,SC21_LongDistance1597HolidayV1CTA1 | SV3_TruckBack,$0.00,0,#DIV/0!,0,#DIV/0!,0,#DIV/0!,0,#DIV/0!,0,#DIV/0!,0,#DIV/0!,$0.00,#DIV/0!,#DIV/0!,$0.00,#DIV/0!,#DIV/0!,#DIV/0!,0,0,0,,,
,,,SC22_LongDistance1597HolidayV1CTA2 | SV3_TruckBack,$0.00,0,#DIV/0!,0,#DIV/0!,0,#DIV/0!,0,#DIV/0!,0,#DIV/0!,0,#DIV/0!,$0.00,#DIV/0!,#DIV/0!,$0.00,#DIV/0!,#DIV/0!,#DIV/0!,0,0,0,,,
,,,SC23_LongDistance1597HolidayV2CTA1 | SV3_TruckBack,$0.00,0,#DIV/0!,0,#DIV/0!,0,#DIV/0!,0,#DIV/0!,0,#DIV/0!,0,#DIV/0!,$0.00,#DIV/0!,#DIV/0!,$0.00,#DIV/0!,#DIV/0!,#DIV/0!,0,0,0,,,
,,,SC24_LongDistance1597HolidayV2CTA2 | SV3_TruckBack,$0.00,0,#DIV/0!,0,#DIV/0!,0,#DIV/0!,0,#DIV/0!,0,#DIV/0!,0,#DIV/0!,$0.00,#DIV/0!,#DIV/0!,$0.00,#DIV/0!,#DIV/0!,#DIV/0!,0,0,0,,,
,,,SC25_LongDistance1597HolidayV3CTA1 | SV3_TruckBack,$0.00,0,#DIV/0!,0,#DIV/0!,0,#DIV/0!,0,#DIV/0!,0,#DIV/0!,0,#DIV/0!,$0.00,#DIV/0!,#DIV/0!,$0.00,#DIV/0!,#DIV/0!,#DIV/0!,0,0,0,,,
,,,SC26_LongDistance1597HolidayV3CTA2 | SV3_TruckBack,$0.00,0,#DIV/0!,0,#DIV/0!,0,#DIV/0!,0,#DIV/0!,0,#DIV/0!,0,#DIV/0!,$0.00,#DIV/0!,#DIV/0!,$0.00,#DIV/0!,#DIV/0!,#DIV/0!,0,0,0,,,
12/10/2025,Testing,,SC27_NYtoLA | SV14_PricingMapTruck,$0.00,0,#DIV/0!,0,#DIV/0!,0,#DIV/0!,0,#DIV/0!,0,#DIV/0!,0,#DIV/0!,$0.00,#DIV/0!,#DIV/0!,$0.00,#DIV/0!,#DIV/0!,#DIV/0!,0,0,0,,,
12/10/2025,Testing,,SC28_LAtoAustin | SV14_PricingMapTruck,$0.00,0,#DIV/0!,0,#DIV/0!,0,#DIV/0!,0,#DIV/0!,0,#DIV/0!,0,#DIV/0!,$0.00,#DIV/0!,#DIV/0!,$0.00,#DIV/0!,#DIV/0!,#DIV/0!,0,0,0,,,
12/10/2025,Testing,,SC29_ChicagotoPhoenix | SV14_PricingMapTruck,$0.00,0,#DIV/0!,0,#DIV/0!,0,#DIV/0!,0,#DIV/0!,0,#DIV/0!,0,#DIV/0!,$0.00,#DIV/0!,#DIV/0!,$0.00,#DIV/0!,#DIV/0!,#DIV/0!,0,0,0,,,
12/10/2025,Testing,,SC30_SFtoMiami | SV14_PricingMapTruck,$0.00,0,#DIV/0!,0,#DIV/0!,0,#DIV/0!,0,#DIV/0!,0,#DIV/0!,0,#DIV/0!,$0.00,#DIV/0!,#DIV/0!,$0.00,#DIV/0!,#DIV/0!,#DIV/0!,0,0,0,,,
12/10/2025,Testing,,SC31_SeattletoDallas | SV14_PricingMapTruck,$0.00,0,#DIV/0!,0,#DIV/0!,0,#DIV/0!,0,#DIV/0!,0,#DIV/0!,0,#DIV/0!,$0.00,#DIV/0!,#DIV/0!,$0.00,#DIV/0!,#DIV/0!,#DIV/0!,0,0,0,,,
12/10/2025,Testing,,SC27_NYtoLA | SV15_PricingVerticalSplit,$0.00,0,#DIV/0!,0,#DIV/0!,0,#DIV/0!,0,#DIV/0!,0,#DIV/0!,0,#DIV/0!,$0.00,#DIV/0!,#DIV/0!,$0.00,#DIV/0!,#DIV/0!,#DIV/0!,0,0,0,,,
12/10/2025,Testing,,SC28_LAtoAustin | SV15_PricingVerticalSplit,$0.00,0,#DIV/0!,0,#DIV/0!,0,#DIV/0!,0,#DIV/0!,0,#DIV/0!,0,#DIV/0!,$0.00,#DIV/0!,#DIV/0!,$0.00,#DIV/0!,#DIV/0!,#DIV/0!,0,0,0,,,
12/10/2025,Testing,,SC32_ChigatotoPhoenix | SV15_PricingVerticalSplit,$0.00,0,#DIV/0!,0,#DIV/0!,0,#DIV/0!,0,#DIV/0!,0,#DIV/0!,0,#DIV/0!,$0.00,#DIV/0!,#DIV/0!,$0.00,#DIV/0!,#DIV/0!,#DIV/0!,0,0,0,,,
12/10/2025,Testing,,SC30_SFtoMiami | SV15_PricingVerticalSplit,$0.00,0,#DIV/0!,0,#DIV/0!,0,#DIV/0!,0,#DIV/0!,0,#DIV/0!,0,#DIV/0!,$0.00,#DIV/0!,#DIV/0!,$0.00,#DIV/0!,#DIV/0!,#DIV/0!,0,0,0,,,
12/10/2025,Testing,,SC31_SeattletoDallas | SV15_PricingVerticalSplit,$0.00,0,#DIV/0!,0,#DIV/0!,0,#DIV/0!,0,#DIV/0!,0,#DIV/0!,0,#DIV/0!,$0.00,#DIV/0!,#DIV/0!,$0.00,#DIV/0!,#DIV/0!,#DIV/0!,0,0,0,,,
,,,SC21_LongDistance1597HolidayV1CTA1 | SV16_TruckBackHolidayV1,$0.00,0,#DIV/0!,0,#DIV/0!,0,#DIV/0!,0,#DIV/0!,0,#DIV/0!,0,#DIV/0!,$0.00,#DIV/0!,#DIV/0!,$0.00,#DIV/0!,#DIV/0!,#DIV/0!,0,0,0,,,
,,,SC22_LongDistance1597HolidayV1CTA2 | SV16_TruckBackHolidayV1,$0.00,0,#DIV/0!,0,#DIV/0!,0,#DIV/0!,0,#DIV/0!,0,#DIV/0!,0,#DIV/0!,$0.00,#DIV/0!,#DIV/0!,$0.00,#DIV/0!,#DIV/0!,#DIV/0!,0,0,0,,,
,,,SC23_LongDistance1597HolidayV2CTA1 | SV16_TruckBackHolidayV1,$0.00,0,#DIV/0!,0,#DIV/0!,0,#DIV/0!,0,#DIV/0!,0,#DIV/0!,0,#DIV/0!,$0.00,#DIV/0!,#DIV/0!,$0.00,#DIV/0!,#DIV/0!,#DIV/0!,0,0,0,,,
,,,SC24_LongDistance1597HolidayV2CTA2 | SV16_TruckBackHolidayV1,$0.00,0,#DIV/0!,0,#DIV/0!,0,#DIV/0!,0,#DIV/0!,0,#DIV/0!,0,#DIV/0!,$0.00,#DIV/0!,#DIV/0!,$0.00,#DIV/0!,#DIV/0!,#DIV/0!,0,0,0,,,
,,,SC25_LongDistance1597HolidayV3CTA1 | SV16_TruckBackHolidayV1,$0.00,0,#DIV/0!,0,#DIV/0!,0,#DIV/0!,0,#DIV/0!,0,#DIV/0!,0,#DIV/0!,$0.00,#DIV/0!,#DIV/0!,$0.00,#DIV/0!,#DIV/0!,#DIV/0!,0,0,0,,,
,,,SC26_LongDistance1597HolidayV3CTA2 | SV16_TruckBackHolidayV1,$0.00,0,#DIV/0!,0,#DIV/0!,0,#DIV/0!,0,#DIV/0!,0,#DIV/0!,0,#DIV/0!,$0.00,#DIV/0!,#DIV/0!,$0.00,#DIV/0!,#DIV/0!,#DIV/0!,0,0,0,,,
12/9/2025,Testing,,SC21_LongDistance1597HolidayV1CTA1 | SV17_TruckBackHolidayV2,$366.76,5,$73.35,4,$91.69,0,#DIV/0!,0,#DIV/0!,0,#DIV/0!,0,#DIV/0!,$0.00,#DIV/0!,0.00,-$366.76,2.25%,1.85%,$60.60,"6,052",136,112,,,
12/9/2025,Testing,,SC22_LongDistance1597HolidayV1CTA2 | SV17_TruckBackHolidayV2,$400.75,15,$26.72,9,$44.53,4,$100.19,1,$400.75,2,$200.38,1,$400.75,$600.00,$600.00,1.50,$199.25,2.82%,2.60%,$71.86,"5,577",157,145,,,
12/9/2025,Testing,,SC23_LongDistance1597HolidayV2CTA1 | SV17_TruckBackHolidayV2,$109.38,1,$109.38,1,$109.38,0,#DIV/0!,0,#DIV/0!,0,#DIV/0!,0,#DIV/0!,$0.00,#DIV/0!,0.00,-$109.38,2.80%,2.68%,$66.65,"1,641",46,44,,,
12/9/2025,Testing,,SC24_LongDistance1597HolidayV2CTA2 | SV17_TruckBackHolidayV2,$161.53,0,#DIV/0!,0,#DIV/0!,0,#DIV/0!,0,#DIV/0!,0,#DIV/0!,0,#DIV/0!,$0.00,#DIV/0!,0.00,-$161.53,2.47%,2.18%,$65.29,"2,474",61,54,,,
12/9/2025,On the fence,,SC25_LongDistance1597HolidayV3CTA1 | SV17_TruckBackHolidayV2,$957.19,18,$53.18,13,$73.63,3,$319.06,1,$957.19,1,$957.19,0,#DIV/0!,$0.00,#DIV/0!,0.00,-$957.19,2.27%,1.77%,$70.92,"13,497",306,239,,,
12/9/2025,Testing,,SC26_LongDistance1597HolidayV3CTA2 | SV17_TruckBackHolidayV2,$176.53,3,$58.84,2,$88.27,1,$176.53,0,#DIV/0!,1,$176.53,0,#DIV/0!,$0.00,#DIV/0!,0.00,-$176.53,3.16%,2.88%,$61.36,"2,877",91,83,,,
12/10/2025,Winner,,SC33_CheckThisHolidayV3 | SV9_GmailLight,$897.49,21,$42.74,15,$59.83,2,$448.75,0,#DIV/0!,1,$897.49,2,$448.75,"$1,841.98",$920.99,2.05,$944.49,2.21%,0.63%,$30.51,"29,415",649,184,,,
12/10/2025,Testing,,SC33_CheckThisHolidayV3 | SV13_GmailDark,$19.87,0,#DIV/0!,0,#DIV/0!,0,#DIV/0!,0,#DIV/0!,0,#DIV/0!,0,#DIV/0!,$0.00,#DIV/0!,0.00,-$19.87,1.46%,0.83%,$41.31,481,7,4,,,
12/10/2025,Testing,,SC34_CheckThisHolidayV4 | SV9_GmailLight,$124.23,4,$31.06,1,$124.23,0,#DIV/0!,0,#DIV/0!,0,#DIV/0!,0,#DIV/0!,$0.00,#DIV/0!,0.00,-$124.23,3.30%,0.91%,$40.53,"3,065",101,28,,,
12/10/2025,Testing,,SC34_CheckThisHolidayV4 | SV13_GmailDark,$16.81,0,#DIV/0!,0,#DIV/0!,0,#DIV/0!,0,#DIV/0!,0,#DIV/0!,0,#DIV/0!,$0.00,#DIV/0!,0.00,-$16.81,0.91%,0.68%,$38.12,441,4,3,,,
12/10/2025,Testing,,SC35_CheckThisHolidayV5 | SV9_GmailLight,$53.63,0,#DIV/0!,0,#DIV/0!,0,#DIV/0!,0,#DIV/0!,0,#DIV/0!,0,#DIV/0!,$0.00,#DIV/0!,0.00,-$53.63,2.25%,0.37%,$28.06,"1,911",43,7,,,
12/10/2025,Testing,,SC35_CheckThisHolidayV5 | SV13_GmailDark,$78.24,2,$39.12,1,$78.24,0,#DIV/0!,0,#DIV/0!,0,#DIV/0!,0,#DIV/0!,$0.00,#DIV/0!,0.00,-$78.24,2.59%,1.02%,$39.76,"1,968",51,20,,,
12/9/2025,,,SC21_LongDistance1597HolidayV1CTA1 | SV18_TruckBackHolidayV3,$0.00,0,#DIV/0!,0,#DIV/0!,0,#DIV/0!,0,#DIV/0!,0,#DIV/0!,0,#DIV/0!,$0.00,#DIV/0!,#DIV/0!,$0.00,#DIV/0!,#DIV/0!,#DIV/0!,0,0,0,,,
12/9/2025,,,SC22_LongDistance1597HolidayV1CTA2 | SV18_TruckBackHolidayV3,$0.00,0,#DIV/0!,0,#DIV/0!,0,#DIV/0!,0,#DIV/0!,0,#DIV/0!,0,#DIV/0!,$0.00,#DIV/0!,#DIV/0!,$0.00,#DIV/0!,#DIV/0!,#DIV/0!,0,0,0,,,
12/9/2025,,,SC23_LongDistance1597HolidayV2CTA1 | SV18_TruckBackHolidayV3,$0.00,0,#DIV/0!,0,#DIV/0!,0,#DIV/0!,0,#DIV/0!,0,#DIV/0!,0,#DIV/0!,$0.00,#DIV/0!,#DIV/0!,$0.00,#DIV/0!,#DIV/0!,#DIV/0!,0,0,0,,,
12/9/2025,,,SC24_LongDistance1597HolidayV2CTA2 | SV18_TruckBackHolidayV3,$0.00,0,#DIV/0!,0,#DIV/0!,0,#DIV/0!,0,#DIV/0!,0,#DIV/0!,0,#DIV/0!,$0.00,#DIV/0!,#DIV/0!,$0.00,#DIV/0!,#DIV/0!,#DIV/0!,0,0,0,,,
12/9/2025,,,SC25_LongDistance1597HolidayV3CTA1 | SV18_TruckBackHolidayV3,$0.00,0,#DIV/0!,0,#DIV/0!,0,#DIV/0!,0,#DIV/0!,0,#DIV/0!,0,#DIV/0!,$0.00,#DIV/0!,#DIV/0!,$0.00,#DIV/0!,#DIV/0!,#DIV/0!,0,0,0,,,
12/9/2025,,,SC26_LongDistance1597HolidayV3CTA2 | SV18_TruckBackHolidayV3,$0.00,0,#DIV/0!,0,#DIV/0!,0,#DIV/0!,0,#DIV/0!,0,#DIV/0!,0,#DIV/0!,$0.00,#DIV/0!,#DIV/0!,$0.00,#DIV/0!,#DIV/0!,#DIV/0!,0,0,0,,,
1/11/2026,Loser,,SC36_ArrivedFlawlessV1 | SV19_HoldingSignFamily,$59.99,0,#DIV/0!,0,#DIV/0!,0,#DIV/0!,0,#DIV/0!,0,#DIV/0!,0,#DIV/0!,$0.00,#DIV/0!,0.00,-$59.99,3.17%,2.71%,$67.86,884,28,24,,,
1/11/2026,Loser,,SC37_ArrivedFlawlessV2 | SV19_HoldingSignFamily,$12.39,0,#DIV/0!,0,#DIV/0!,0,#DIV/0!,0,#DIV/0!,0,#DIV/0!,0,#DIV/0!,$0.00,#DIV/0!,0.00,-$12.39,0.60%,1.20%,$74.19,167,1,2,,,
1/11/2026,Loser,,SC38_FromSchedulingtoDeliveryV1 | SV20_HoldingSignWoman,$46.18,0,#DIV/0!,0,#DIV/0!,0,#DIV/0!,0,#DIV/0!,0,#DIV/0!,0,#DIV/0!,$0.00,#DIV/0!,0.00,-$46.18,2.75%,2.61%,$66.93,690,19,18,,,
1/11/2026,Loser,,SC39_FromSchedulingtoDeliveryV2 | SV20_HoldingSignWoman,$66.80,0,#DIV/0!,0,#DIV/0!,0,#DIV/0!,0,#DIV/0!,0,#DIV/0!,0,#DIV/0!,$0.00,#DIV/0!,0.00,-$66.80,3.74%,2.91%,$138.88,481,18,14,,,
1/11/2026,Loser,,SC40_GentlyandCorreclyV1 | SV21_HoldingSignCouple,$44.17,0,#DIV/0!,0,#DIV/0!,0,#DIV/0!,0,#DIV/0!,0,#DIV/0!,0,#DIV/0!,$0.00,#DIV/0!,0.00,-$44.17,3.49%,3.70%,$90.70,487,17,18,,,
1/11/2026,Loser,,SC41_GentlyandCorreclyV2 | SV21_HoldingSignCouple,$37.33,0,#DIV/0!,0,#DIV/0!,0,#DIV/0!,0,#DIV/0!,0,#DIV/0!,0,#DIV/0!,$0.00,#DIV/0!,0.00,-$37.33,3.61%,3.61%,$149.92,249,9,9,,,
1/11/2026,Testing,,SC42_ChooseDateLater | SV22_TruckCalendar,$232.03,4,$58.01,3,$77.34,1,$232.03,0,#DIV/0!,1,$232.03,0,#DIV/0!,$0.00,#DIV/0!,0.00,-$232.03,3.14%,2.65%,$102.62,"2,261",71,60,,,
1/11/2026,Testing,,SC43_MoveTimeline | SV22_TruckCalendar,$335.49,5,$67.10,2,$167.75,2,$167.75,0,#DIV/0!,1,$335.49,0,#DIV/0!,$0.00,#DIV/0!,0.00,-$335.49,2.41%,2.24%,$112.35,"2,986",72,67,,,
1/11/2026,Testing,,SC44_NoCopy | SV23_BeforeAndAfter,$366.53,10,$36.65,8,$45.82,22,$16.66,1,$366.53,2,$183.27,0,#DIV/0!,$0.00,#DIV/0!,0.00,-$366.53,2.85%,1.23%,$74.08,"4,948",141,61,,,
1/11/2026,Testing,,SC45_MoreWorkThanYouThink | SV23_BeforeAndAfter,$58.59,1,$58.59,0,#DIV/0!,0,#DIV/0!,0,#DIV/0!,0,#DIV/0!,0,#DIV/0!,$0.00,#DIV/0!,0.00,-$58.59,4.84%,4.50%,$101.37,578,28,26,,,
1/11/2026,Testing,,SC46_WeHandleItAll | SV23_BeforeAndAfter,$87.09,5,$17.42,2,$43.55,0,#DIV/0!,0,#DIV/0!,0,#DIV/0!,0,#DIV/0!,$0.00,#DIV/0!,0.00,-$87.09,3.07%,2.74%,$95.39,913,28,25,,,
1/11/2026,Loser,,SC47_CheckThisNYV1 | SV9_GmailLight,$69.98,1,$69.98,1,$69.98,1,$69.98,0,#DIV/0!,0,#DIV/0!,0,#DIV/0!,$0.00,#DIV/0!,0.00,-$69.98,1.54%,1.10%,$38.56,"1,815",28,20,,,
1/11/2026,Loser,,SC47_CheckThisNYV1 | SV13_GmailDark,$455.55,10,$45.56,9,$50.62,1,$455.55,0,#DIV/0!,0,#DIV/0!,0,#DIV/0!,$0.00,#DIV/0!,0.00,-$455.55,1.02%,0.55%,$38.56,"11,813",120,65,,,
1/11/2026,Loser,,SC48_CheckThisNYV2 | SV9_GmailLight,$28.55,0,#DIV/0!,0,#DIV/0!,0,#DIV/0!,0,#DIV/0!,0,#DIV/0!,0,#DIV/0!,$0.00,#DIV/0!,0.00,-$28.55,1.07%,0.60%,$34.07,838,9,5,,,
1/11/2026,Loser,,SC48_CheckThisNYV2 | SV13_GmailDark,$444.73,6,$74.12,4,$111.18,1,$444.73,0,#DIV/0!,0,#DIV/0!,0,#DIV/0!,$0.00,#DIV/0!,0.00,-$444.73,1.32%,0.94%,$39.50,"11,260",149,106,,,
1/11/2026,Loser,,SC49_LimitedTime | SV24_TruckBackNY,$53.01,2,$26.51,1,$53.01,2,$26.51,1,$53.01,0,#DIV/0!,0,#DIV/0!,$0.00,#DIV/0!,0.00,-$53.01,2.81%,2.17%,$67.79,782,22,17,,,
1/11/2026,Loser,,SC50_NYNewPricing | SV24_TruckBackNY,$46.02,0,#DIV/0!,0,#DIV/0!,0,#DIV/0!,0,#DIV/0!,0,#DIV/0!,0,#DIV/0!,$0.00,#DIV/0!,0.00,-$46.02,2.03%,2.22%,$85.06,541,11,12,,,
1/11/2026,Loser,,SC51_Early26Pricing | SV24_TruckBackNY,$100.10,0,#DIV/0!,0,#DIV/0!,0,#DIV/0!,0,#DIV/0!,0,#DIV/0!,0,#DIV/0!,$0.00,#DIV/0!,0.00,-$100.10,1.78%,1.48%,$98.82,"1,013",18,15,,,
1/11/2026,Loser,,SC52_NYNewSavings | SV24_TruckBackNY,$61.79,0,#DIV/0!,0,#DIV/0!,0,#DIV/0!,0,#DIV/0!,0,#DIV/0!,0,#DIV/0!,$0.00,#DIV/0!,0.00,-$61.79,5.79%,5.79%,$111.74,553,32,32,,,
1/11/2026,Testing,,SC53_NewLocation | SV3_TruckBack,$250.81,6,$41.80,6,$41.80,1,$250.81,1,$250.81,0,#DIV/0!,0,#DIV/0!,$0.00,#DIV/0!,0.00,-$250.81,1.96%,1.20%,$79.09,"3,171",62,38,,,
1/11/2026,Winner,,SC54_InADriveWay | SV3_TruckBack,"$1,382.65",28,$49.38,20,$69.13,4,$345.66,0,#DIV/0!,3,$460.88,1,"$1,382.65","$1,336.00","$1,336.00",0.97,-$46.65,1.62%,0.96%,$92.68,"14,919",241,143,,,
1/11/2026,Testing,,SC55_LoadingBoxes | SV3_TruckBack,$254.06,6,$42.34,4,$63.52,4,$63.52,1,$254.06,1,$254.06,0,#DIV/0!,$0.00,#DIV/0!,0.00,-$254.06,2.19%,1.46%,$132.39,"1,919",42,28,,,
1/11/2026,Testing,,SC56_MoreWorkThanYouThinkV2 | SV23_BeforeAndAfter,$122.44,3,$40.81,3,$40.81,1,$122.44,0,#DIV/0!,1,$122.44,1,$122.44,"$1,957.00","$1,957.00",15.98,"$1,834.56",3.65%,3.27%,$117.62,"1,041",38,34,,,
1/11/2026,Winner,,SC57_WeHandleItAllV2 | SV23_BeforeAndAfter,"$1,223.62",23,$53.20,14,$87.40,3,$407.87,0,#DIV/0!,2,$611.81,1,"$1,223.62",$900.00,$900.00,0.74,-$323.62,3.34%,2.02%,$150.67,"8,121",271,164,,,
1/11/2026,Loser,,SC58_ChooseDateLaterV2 | SV22_TruckCalendar,$44.46,0,#DIV/0!,0,#DIV/0!,0,#DIV/0!,0,#DIV/0!,0,#DIV/0!,0,#DIV/0!,$0.00,#DIV/0!,0.00,-$44.46,4.15%,4.15%,$57.59,772,32,32,,,
1/11/2026,Loser,,SC59_MoveTimelineV2 | SV22_TruckCalendar,$26.15,0,#DIV/0!,0,#DIV/0!,0,#DIV/0!,0,#DIV/0!,0,#DIV/0!,0,#DIV/0!,$0.00,#DIV/0!,0.00,-$26.15,3.47%,3.47%,$45.40,576,20,20,,,
1/11/2026,Loser,,SC60_ChooseDateLaterV3 | SV22_TruckCalendar,$268.26,5,$53.65,3,$89.42,1,$268.26,0,#DIV/0!,0,#DIV/0!,0,#DIV/0!,$0.00,#DIV/0!,0.00,-$268.26,2.07%,1.69%,$92.63,"2,896",60,49,,,
1/11/2026,Loser,,SC61_MoveTimelineV3 | SV22_TruckCalendar,$21.98,0,#DIV/0!,0,#DIV/0!,0,#DIV/0!,0,#DIV/0!,0,#DIV/0!,0,#DIV/0!,$0.00,#DIV/0!,0.00,-$21.98,0.00%,0.00%,$79.93,275,0,0,,,
1/22/2026,Loser,,SC62_NYNewZP | SV25_MovingChangesLA,$177.36,1,$177.36,1,$177.36,0,#DIV/0!,0,#DIV/0!,0,#DIV/0!,0,#DIV/0!,$0.00,#DIV/0!,0.00,-$177.36,3.71%,2.93%,$106.14,"1,671",62,49,,,
1/22/2026,Loser,,SC63_NYNewHome | SV25_MovingChangesLA,$159.09,0,#DIV/0!,0,#DIV/0!,0,#DIV/0!,0,#DIV/0!,0,#DIV/0!,0,#DIV/0!,$0.00,#DIV/0!,0.00,-$159.09,4.37%,3.96%,$108.52,"1,466",64,58,,,
1/22/2026,Loser,,SC62_NYNewZP | SV26_MovingChangesMia,$132.51,1,$132.51,1,$132.51,0,#DIV/0!,0,#DIV/0!,0,#DIV/0!,0,#DIV/0!,$0.00,#DIV/0!,0.00,-$132.51,4.12%,3.72%,$105.00,"1,262",52,47,,,
1/22/2026,Loser,,SC63_NYNewHome | SV26_MovingChangesMia,$197.06,0,#DIV/0!,0,#DIV/0!,0,#DIV/0!,0,#DIV/0!,0,#DIV/0!,0,#DIV/0!,$0.00,#DIV/0!,0.00,-$197.06,3.59%,3.21%,$82.18,"2,398",86,77,,,
1/22/2026,Loser,,SC64_RelaxLeaveItToUs | SV27_EmptySpace,$129.73,0,#DIV/0!,0,#DIV/0!,0,#DIV/0!,0,#DIV/0!,0,#DIV/0!,0,#DIV/0!,$0.00,#DIV/0!,0.00,-$129.73,2.48%,1.81%,$87.13,"1,489",37,27,,,
1/22/2026,Loser,,SC65_YouMovingStressHandled | SV27_EmptySpace,"$3,138.76",55,$57.07,34,$92.32,21,$149.46,0,#DIV/0!,5,$627.75,0,#DIV/0!,$0.00,#DIV/0!,0.00,"-$3,138.76",1.43%,0.88%,$52.08,"60,268",859,531,,,
1/22/2026,Loser,,SC66_CoastToCoast | SV28_TruckMap,$0.00,0,#DIV/0!,0,#DIV/0!,0,#DIV/0!,0,#DIV/0!,0,#DIV/0!,0,#DIV/0!,$0.00,#DIV/0!,#DIV/0!,$0.00,#DIV/0!,#DIV/0!,#DIV/0!,0,0,0,,,
1/28/2026,Loser,,SC67_LicensedInsuredNationwide-V1 | SV29_StickyNote,$26.13,0,#DIV/0!,0,#DIV/0!,0,#DIV/0!,0,#DIV/0!,0,#DIV/0!,0,#DIV/0!,$0.00,#DIV/0!,0.00,-$26.13,0.00%,0.00%,$72.18,362,0,0,,,
1/28/2026,Loser,,SC68_Licensed&Ensured-V1 | SV29_StickyNote,$24.10,0,#DIV/0!,0,#DIV/0!,0,#DIV/0!,0,#DIV/0!,0,#DIV/0!,0,#DIV/0!,$0.00,#DIV/0!,0.00,-$24.10,1.39%,1.39%,$47.82,504,7,7,,,
1/28/2026,Loser,,SC69_TransparentPricing-V1 | SV29_StickyNote,$39.90,0,#DIV/0!,0,#DIV/0!,0,#DIV/0!,0,#DIV/0!,0,#DIV/0!,0,#DIV/0!,$0.00,#DIV/0!,0.00,-$39.90,1.87%,1.50%,$74.72,534,10,8,,,
1/28/2026,Loser,,SC70_CoastToCoast-V1 | SV29_StickyNote,$464.73,12,$38.73,8,$58.09,2,$232.37,0,#DIV/0!,0,#DIV/0!,0,#DIV/0!,$0.00,#DIV/0!,0.00,-$464.73,1.29%,0.84%,$46.69,"9,953",128,84,,,
1/28/2026,Loser,,SC71_NationwideLicensedInsured-V1 | SV29_StickyNote,$24.86,0,#DIV/0!,0,#DIV/0!,0,#DIV/0!,0,#DIV/0!,0,#DIV/0!,0,#DIV/0!,$0.00,#DIV/0!,0.00,-$24.86,0.61%,0.30%,$75.33,330,2,1,,,
1/28/2026,Loser,,SC72_LicensedInsuredNationwide-V2 | SV29_StickyNote,$16.79,0,#DIV/0!,0,#DIV/0!,0,#DIV/0!,0,#DIV/0!,0,#DIV/0!,0,#DIV/0!,$0.00,#DIV/0!,0.00,-$16.79,2.01%,2.01%,$67.43,249,5,5,,,
1/28/2026,Loser,,SC73_Licensed&Ensured-V2 | SV29_StickyNote,$10.66,0,#DIV/0!,0,#DIV/0!,0,#DIV/0!,0,#DIV/0!,0,#DIV/0!,0,#DIV/0!,$0.00,#DIV/0!,0.00,-$10.66,1.24%,1.86%,$66.21,161,2,3,,,
1/28/2026,Loser,,SC74_TransparentPricing-V2 | SV29_StickyNote,$36.62,1,$36.62,1,$36.62,0,#DIV/0!,0,#DIV/0!,0,#DIV/0!,0,#DIV/0!,$0.00,#DIV/0!,0.00,-$36.62,1.48%,1.11%,$67.81,540,8,6,,,
1/28/2026,Loser,,SC75_CoastToCoast-V2 | SV29_StickyNote,$72.71,1,$72.71,0,#DIV/0!,0,#DIV/0!,0,#DIV/0!,0,#DIV/0!,0,#DIV/0!,$0.00,#DIV/0!,0.00,-$72.71,1.95%,1.75%,$49.00,"1,484",29,26,,,
1/28/2026,Loser,,SC76_NationwideLicensedInsured-V2 | SV29_StickyNote,$27.88,0,#DIV/0!,0,#DIV/0!,0,#DIV/0!,0,#DIV/0!,0,#DIV/0!,0,#DIV/0!,$0.00,#DIV/0!,0.00,-$27.88,1.79%,1.79%,$55.54,502,9,9,,,
1/28/2026,Loser,,SC77_HowtoCompare | SV30_EducationalLayout,$152.79,0,#DIV/0!,0,#DIV/0!,0,#DIV/0!,0,#DIV/0!,0,#DIV/0!,0,#DIV/0!,$0.00,#DIV/0!,0.00,-$152.79,2.03%,1.45%,$59.68,"2,560",52,37,,,
1/28/2026,Loser,,SC78_WhattoLookfor | SV30_EducationalLayout,$48.03,0,#DIV/0!,0,#DIV/0!,0,#DIV/0!,0,#DIV/0!,0,#DIV/0!,0,#DIV/0!,$0.00,#DIV/0!,0.00,-$48.03,1.43%,1.91%,$76.36,629,9,12,,,
1/28/2026,Loser,,SC79_NotAllMovingQuotes | SV30_EducationalLayout,$121.66,0,#DIV/0!,0,#DIV/0!,0,#DIV/0!,0,#DIV/0!,0,#DIV/0!,0,#DIV/0!,$0.00,#DIV/0!,0.00,-$121.66,3.19%,3.19%,$54.70,"2,224",71,71,,,
1/28/2026,Loser,,SC80_HowtoAvoid | SV30_EducationalLayout,$79.61,0,#DIV/0!,0,#DIV/0!,0,#DIV/0!,0,#DIV/0!,0,#DIV/0!,0,#DIV/0!,$0.00,#DIV/0!,0.00,-$79.61,2.80%,2.10%,$61.86,"1,287",36,27,,,
1/28/2026,Loser,,SC81_BeforeYouBook | SV30_EducationalLayout,$42.55,0,#DIV/0!,0,#DIV/0!,0,#DIV/0!,0,#DIV/0!,0,#DIV/0!,0,#DIV/0!,$0.00,#DIV/0!,0.00,-$42.55,2.59%,2.19%,$84.76,502,13,11,,,
2/2/2026,Testing,,SC82_AlmostPaid3k | SV9_GmailLight,$274.06,3,$91.35,3,$91.35,1,$274.06,0,#DIV/0!,0,#DIV/0!,0,#DIV/0!,$0.00,#DIV/0!,0.00,-$274.06,1.17%,0.71%,$41.60,"6,588",77,47,,,
2/2/2026,Testing,,SC83_HowMoversSneakExtraFees | SV9_GmailLight,$201.51,4,$50.38,2,$100.76,5,$40.30,0,#DIV/0!,0,#DIV/0!,0,#DIV/0!,$0.00,#DIV/0!,0.00,-$201.51,1.60%,1.05%,$43.12,"4,673",75,49,,,
2/2/2026,Testing,,SC84_Didn'tRealized | SV9_GmailLight,$192.51,2,$96.26,1,$192.51,0,#DIV/0!,0,#DIV/0!,0,#DIV/0!,0,#DIV/0!,$0.00,#DIV/0!,0.00,-$192.51,1.28%,0.71%,$42.65,"4,514",58,32,,,
2/2/2026,Testing,,SC85_WantedToSeeOptions | SV9_GmailLight,$131.94,2,$65.97,1,$131.94,1,$131.94,0,#DIV/0!,0,#DIV/0!,0,#DIV/0!,$0.00,#DIV/0!,0.00,-$131.94,1.79%,1.17%,$40.68,"3,243",58,38,,,
2/2/2026,Testing,,SC82_AlmostPaid3k | SV13_GmailDark,$249.91,7,$35.70,4,$62.48,0,#DIV/0!,0,#DIV/0!,0,#DIV/0!,0,#DIV/0!,$0.00,#DIV/0!,0.00,-$249.91,1.73%,1.38%,$28.31,"8,827",153,122,,,
2/2/2026,Testing,,SC83_HowMoversSneakExtraFees | SV13_GmailDark,$91.35,1,$91.35,1,$91.35,0,#DIV/0!,0,#DIV/0!,0,#DIV/0!,0,#DIV/0!,$0.00,#DIV/0!,0.00,-$91.35,1.47%,1.28%,$34.45,"2,652",39,34,,,
2/2/2026,Testing,,SC84_Didn'tRealized | SV13_GmailDark,$76.33,1,$76.33,1,$76.33,0,#DIV/0!,0,#DIV/0!,0,#DIV/0!,0,#DIV/0!,$0.00,#DIV/0!,0.00,-$76.33,1.19%,0.66%,$33.74,"2,262",27,15,,,
2/2/2026,Testing,,SC85_WantedToSeeOptions | SV13_GmailDark,$73.99,4,$18.50,2,$37.00,1,$73.99,0,#DIV/0!,0,#DIV/0!,0,#DIV/0!,$0.00,#DIV/0!,0.00,-$73.99,2.24%,2.12%,$30.15,"2,454",55,52,,,
2/2/2026,Winner,,SC82_AlmostPaid3k | SV31_AppleNoteLight,"$3,333.03",34,$98.03,25,$133.32,20,$166.65,1,"$3,333.03",2,"$1,666.52",1,"$3,333.03","$3,100.00","$3,100.00",0.93,-$233.03,2.05%,1.82%,$31.71,"105,108","2,151","1,912",,,
2/2/2026,Winner,,SC83_HowMoversSneakExtraFees | SV31_AppleNoteLight,"$1,671.56",39,$42.86,25,$66.86,24,$69.65,3,$557.19,2,$835.78,1,"$1,671.56","$1,900.00","$1,900.00",1.14,$228.44,2.20%,1.79%,$40.88,"40,891",898,732,,,
2/2/2026,Testing,,SC84_Didn'tRealized | SV31_AppleNoteLight,$96.87,1,$96.87,0,#DIV/0!,0,#DIV/0!,0,#DIV/0!,0,#DIV/0!,0,#DIV/0!,$0.00,#DIV/0!,0.00,-$96.87,2.37%,2.01%,$35.35,"2,740",65,55,,,
2/2/2026,Testing,,SC85_WantedToSeeOptions | SV31_AppleNoteLight,$35.58,3,$11.86,1,$35.58,1,$35.58,0,#DIV/0!,0,#DIV/0!,1,$35.58,"$1,107.06","$1,107.06",31.11,"$1,071.48",4.34%,4.34%,$41.76,852,37,37,,,
2/2/2026,Testing,,SC82_AlmostPaid3k | SV32_AppleNoteDark,$84.44,2,$42.22,1,$84.44,1,$84.44,0,#DIV/0!,0,#DIV/0!,0,#DIV/0!,$0.00,#DIV/0!,0.00,-$84.44,2.65%,2.69%,$34.47,"2,450",65,66,,,
2/2/2026,Testing,,SC83_HowMoversSneakExtraFees | SV32_AppleNoteDark,$332.24,7,$47.46,2,$166.12,1,$332.24,0,#DIV/0!,0,#DIV/0!,0,#DIV/0!,$0.00,#DIV/0!,0.00,-$332.24,1.61%,1.12%,$41.77,"7,954",128,89,,,
2/2/2026,Testing,,SC84_Didn'tRealized | SV32_AppleNoteDark,$76.76,1,$76.76,1,$76.76,5,$15.35,1,$76.76,0,#DIV/0!,1,$76.76,"$2,655.31","$2,655.31",34.59,"$2,578.55",5.22%,5.30%,$30.80,"2,492",130,132,,,
2/2/2026,Testing,,SC85_WantedToSeeOptions | SV32_AppleNoteDark,$66.07,0,#DIV/0!,0,#DIV/0!,0,#DIV/0!,0,#DIV/0!,0,#DIV/0!,0,#DIV/0!,$0.00,#DIV/0!,0.00,-$66.07,2.10%,1.78%,$43.44,"1,521",32,27,,,
2/1/2026,Testing,,SC86_CityPricesV2 | SV6_TruckFreeway,$146.71,1,$146.71,1,$146.71,0,#DIV/0!,0,#DIV/0!,0,#DIV/0!,0,#DIV/0!,$0.00,#DIV/0!,0.00,-$146.71,2.34%,2.17%,$62.54,"2,346",55,51,,,
2/1/2026,Winner,,SC87_CityPricesV3 | SV6_TruckFreeway,"$1,288.18",21,$61.34,15,$85.88,12,$107.35,1,"$1,288.18",2,$644.09,1,"$1,288.18","$2,090.22","$2,090.22",1.62,$802.04,1.35%,1.03%,$56.23,"22,909",310,237,,,
2/1/2026,Winner,,SC88_CityPricesV4 | SV6_TruckFreeway,$846.56,12,$70.55,5,$169.31,13,$65.12,0,#DIV/0!,2,$423.28,1,$846.56,"$1,700.00","$1,700.00",2.01,$853.44,2.06%,1.88%,$54.46,"15,545",320,293,,,
2/1/2026,Testing,,SC89_CityPricesV5 | SV6_TruckFreeway,$213.53,5,$42.71,5,$42.71,2,$106.77,0,#DIV/0!,0,#DIV/0!,0,#DIV/0!,$0.00,#DIV/0!,0.00,-$213.53,3.39%,3.26%,$71.06,"3,005",102,98,,,
2/1/2026,Testing,,SC90_CityPricesV6 | SV6_TruckFreeway,$246.06,4,$61.52,3,$82.02,0,#DIV/0!,0,#DIV/0!,0,#DIV/0!,0,#DIV/0!,$0.00,#DIV/0!,0.00,-$246.06,2.15%,1.78%,$57.63,"4,270",92,76,,,
2/1/2026,Loser,,SC91_SingleV1 | SV33_CopyAds,$208.62,1,$208.62,0,#DIV/0!,0,#DIV/0!,0,#DIV/0!,0,#DIV/0!,0,#DIV/0!,$0.00,#DIV/0!,0.00,-$208.62,2.77%,1.70%,$65.71,"3,175",88,54,,,
2/1/2026,Loser,,SC92_SingleV2 | SV33_CopyAds,$38.42,0,#DIV/0!,0,#DIV/0!,0,#DIV/0!,0,#DIV/0!,0,#DIV/0!,0,#DIV/0!,$0.00,#DIV/0!,0.00,-$38.42,5.34%,4.27%,$68.36,562,30,24,,,
2/1/2026,Loser,,SC93_SingleV3 | SV33_CopyAds,$39.62,0,#DIV/0!,0,#DIV/0!,0,#DIV/0!,0,#DIV/0!,0,#DIV/0!,0,#DIV/0!,$0.00,#DIV/0!,0.00,-$39.62,4.88%,5.18%,$60.40,656,32,34,,,
2/1/2026,Loser,,SC94_SingleV4 | SV33_CopyAds,$66.15,3,$22.05,2,$33.08,2,$33.08,1,$66.15,0,#DIV/0!,0,#DIV/0!,$0.00,#DIV/0!,0.00,-$66.15,9.17%,8.84%,$73.99,894,82,79,,,
2/1/2026,Loser,,SC95_SingleV5 | SV33_CopyAds,$165.35,5,$33.07,2,$82.68,0,#DIV/0!,0,#DIV/0!,0,#DIV/0!,0,#DIV/0!,$0.00,#DIV/0!,0.00,-$165.35,6.22%,6.25%,$57.41,"2,880",179,180,,,
2/1/2026,Loser,,SC96_CarouselV1 | SV33_CopyAds,$22.44,0,#DIV/0!,0,#DIV/0!,0,#DIV/0!,0,#DIV/0!,0,#DIV/0!,0,#DIV/0!,$0.00,#DIV/0!,0.00,-$22.44,1.87%,1.12%,$83.73,268,5,3,,,
2/1/2026,Loser,,SC97_CarouselV2 | SV33_CopyAds,$20.82,0,#DIV/0!,0,#DIV/0!,0,#DIV/0!,0,#DIV/0!,0,#DIV/0!,0,#DIV/0!,$0.00,#DIV/0!,0.00,-$20.82,2.03%,2.03%,$140.68,148,3,3,,,
2/1/2026,Loser,,SC98_CarouselV3 | SV33_CopyAds,$347.31,7,$49.62,3,$115.77,1,$347.31,0,#DIV/0!,0,#DIV/0!,0,#DIV/0!,$0.00,#DIV/0!,0.00,-$347.31,3.16%,2.70%,$87.73,"3,959",125,107,,,
2/1/2026,Loser,,SC99_CarouselV4 | SV33_CopyAds,$47.15,0,#DIV/0!,0,#DIV/0!,0,#DIV/0!,0,#DIV/0!,0,#DIV/0!,0,#DIV/0!,$0.00,#DIV/0!,0.00,-$47.15,1.04%,0.83%,$97.62,483,5,4,,,
2/1/2026,Loser,,SC100_CarouselV5 | SV33_CopyAds,$83.77,1,$83.77,1,$83.77,1,$83.77,1,$83.77,0,#DIV/0!,0,#DIV/0!,$0.00,#DIV/0!,0.00,-$83.77,0.87%,0.71%,$66.06,"1,268",11,9,,,
2/10/2026,Testing,Active,Unknown Move Facts - Offer Lead 5 - CIDP0DZOP2,$45.31,0,#DIV/0!,0,#DIV/0!,0,#DIV/0!,0,#DIV/0!,0,#DIV/0!,0,#DIV/0!,$0.00,#DIV/0!,0.00,-$45.31,1.20%,1.12%,$33.94,"1,335",16,15,,,
2/10/2026,Testing,Active,Unknown Move Facts - Offer Lead 1 - CIDH5IAGGA,$56.66,2,$28.33,2,$28.33,1,$56.66,0,#DIV/0!,0,#DIV/0!,0,#DIV/0!,$0.00,#DIV/0!,0.00,-$56.66,1.67%,1.40%,$37.90,"1,495",25,21,,,
2/10/2026,Testing,Active,Unknown Move Facts - Offer Lead 6 - CID2B8RQAA,$8.82,0,#DIV/0!,0,#DIV/0!,0,#DIV/0!,0,#DIV/0!,0,#DIV/0!,0,#DIV/0!,$0.00,#DIV/0!,0.00,-$8.82,1.16%,1.16%,$25.64,344,4,4,,,
2/10/2026,Testing,Active,Unknown Move Facts - Offer Lead 2 - CIDGDBTOVQ,$76.89,0,#DIV/0!,0,#DIV/0!,0,#DIV/0!,0,#DIV/0!,0,#DIV/0!,0,#DIV/0!,$0.00,#DIV/0!,0.00,-$76.89,1.51%,1.38%,$32.24,"2,385",36,33,,,
2/10/2026,Testing,Active,Unknown Move Facts - Offer Lead 7 - CIDEPCY5VJ,$13.83,0,#DIV/0!,0,#DIV/0!,0,#DIV/0!,0,#DIV/0!,0,#DIV/0!,0,#DIV/0!,$0.00,#DIV/0!,0.00,-$13.83,2.24%,2.24%,$25.80,536,12,12,,,
2/10/2026,Testing,Active,Unknown Move Facts - Offer Lead 3 - CIDDE86ETR,$88.53,0,#DIV/0!,0,#DIV/0!,0,#DIV/0!,0,#DIV/0!,0,#DIV/0!,0,#DIV/0!,$0.00,#DIV/0!,0.00,-$88.53,2.20%,2.20%,$30.88,"2,867",63,63,,,
2/10/2026,Testing,Active,Unknown Move Facts - Offer Lead 8 - CIDYDBYD65,$26.67,0,#DIV/0!,0,#DIV/0!,0,#DIV/0!,0,#DIV/0!,0,#DIV/0!,0,#DIV/0!,$0.00,#DIV/0!,0.00,-$26.67,3.08%,3.43%,$22.85,"1,167",36,40,,,
2/10/2026,Testing,Active,Unknown Move Facts - Offer Lead 4 - CIDVO258YQ,$18.66,0,#DIV/0!,0,#DIV/0!,0,#DIV/0!,0,#DIV/0!,0,#DIV/0!,0,#DIV/0!,$0.00,#DIV/0!,0.00,-$18.66,1.59%,1.11%,$29.71,628,10,7,,,
2/15/2026,Testing,Active,VAM Crew Members - Organic Looking 1 - CIDQG45LVZ,$409.97,3,$136.66,3,$136.66,3,$136.66,0,#DIV/0!,1,$409.97,1,$409.97,"$4,660.67","$4,660.67",11.37,"$4,250.70",3.19%,1.93%,$93.97,"4,363",139,84,,,
2/15/2026,Testing,Active,VAM Crew Members - Organic Looking 2 - CID3HKSZUJ,$438.15,4,$109.54,4,$109.54,3,$146.05,0,#DIV/0!,1,$438.15,0,#DIV/0!,$0.00,#DIV/0!,0.00,-$438.15,1.19%,0.77%,$47.22,"9,279",110,71,,,
2/15/2026,On the fence,Active,VAM Crew Members - Organic Looking 3 - CIDTPC5EN4,"$1,071.58",25,$42.86,21,$51.03,33,$32.47,2,$535.79,4,$267.90,0,#DIV/0!,$0.00,#DIV/0!,0.00,"-$1,071.58",1.41%,0.96%,$42.96,"24,943",352,240,,,
2/15/2026,Testing,Active,VAM Crew Members - Organic Looking 4 - CIDCGZUZJE,$69.18,1,$69.18,1,$69.18,1,$69.18,1,$69.18,1,$69.18,0,#DIV/0!,$0.00,#DIV/0!,0.00,-$69.18,3.25%,1.46%,$77.64,891,29,13,,,
2/15/2026,Testing,Active,VAM Crew Members - Organic Looking 5 - CID6PWEIHL,$8.06,0,#DIV/0!,0,#DIV/0!,0,#DIV/0!,0,#DIV/0!,0,#DIV/0!,0,#DIV/0!,$0.00,#DIV/0!,0.00,-$8.06,1.50%,1.50%,$60.60,133,2,2,,,
,,,SC110_AlmostPaid+3B | SV9_GmailLight,$0.00,0,#DIV/0!,0,#DIV/0!,0,#DIV/0!,0,#DIV/0!,0,#DIV/0!,0,#DIV/0!,$0.00,#DIV/0!,#DIV/0!,$0.00,#DIV/0!,#DIV/0!,#DIV/0!,0,0,0,,,
,,,SC110_AlmostPaid+3B | SV13_GmailDark,$0.00,0,#DIV/0!,0,#DIV/0!,0,#DIV/0!,0,#DIV/0!,0,#DIV/0!,0,#DIV/0!,$0.00,#DIV/0!,#DIV/0!,$0.00,#DIV/0!,#DIV/0!,#DIV/0!,0,0,0,,,
,,,SC111_Moved+4BTXtoOR | SV9_GmailLight,$0.00,0,#DIV/0!,0,#DIV/0!,0,#DIV/0!,0,#DIV/0!,0,#DIV/0!,0,#DIV/0!,$0.00,#DIV/0!,#DIV/0!,$0.00,#DIV/0!,#DIV/0!,#DIV/0!,0,0,0,,,
,,,SC111_Moved+4BTXtoOR | SV13_GmailDark,$0.00,0,#DIV/0!,0,#DIV/0!,0,#DIV/0!,0,#DIV/0!,0,#DIV/0!,0,#DIV/0!,$0.00,#DIV/0!,#DIV/0!,$0.00,#DIV/0!,#DIV/0!,#DIV/0!,0,0,0,,,
,,,SC112_CrossCountryMove+3B | SV9_GmailLight,$0.00,0,#DIV/0!,0,#DIV/0!,0,#DIV/0!,0,#DIV/0!,0,#DIV/0!,0,#DIV/0!,$0.00,#DIV/0!,#DIV/0!,$0.00,#DIV/0!,#DIV/0!,#DIV/0!,0,0,0,,,
,,,SC112_CrossCountryMove+3B | SV13_GmailDark,$0.00,0,#DIV/0!,0,#DIV/0!,0,#DIV/0!,0,#DIV/0!,0,#DIV/0!,0,#DIV/0!,$0.00,#DIV/0!,#DIV/0!,$0.00,#DIV/0!,#DIV/0!,#DIV/0!,0,0,0,,,
,,,SC113_NewJobMoving+3B | SV9_GmailLight,$0.00,0,#DIV/0!,0,#DIV/0!,0,#DIV/0!,0,#DIV/0!,0,#DIV/0!,0,#DIV/0!,$0.00,#DIV/0!,#DIV/0!,$0.00,#DIV/0!,#DIV/0!,#DIV/0!,0,0,0,,,
,,,SC113_NewJobMoving+3B | SV13_GmailDark,$0.00,0,#DIV/0!,0,#DIV/0!,0,#DIV/0!,0,#DIV/0!,0,#DIV/0!,0,#DIV/0!,$0.00,#DIV/0!,#DIV/0!,$0.00,#DIV/0!,#DIV/0!,#DIV/0!,0,0,0,,,
,,,SC114_NYtoCA+4B | SV9_GmailLight,$0.00,0,#DIV/0!,0,#DIV/0!,0,#DIV/0!,0,#DIV/0!,0,#DIV/0!,0,#DIV/0!,$0.00,#DIV/0!,#DIV/0!,$0.00,#DIV/0!,#DIV/0!,#DIV/0!,0,0,0,,,
,,,SC114_NYtoCA+4B | SV13_GmailDark,$0.00,0,#DIV/0!,0,#DIV/0!,0,#DIV/0!,0,#DIV/0!,0,#DIV/0!,0,#DIV/0!,$0.00,#DIV/0!,#DIV/0!,$0.00,#DIV/0!,#DIV/0!,#DIV/0!,0,0,0,,,
2/17/2026,Testing,,SC115_3-4BCrossCountryMove | SV35_FullTruckInterior,$0.00,0,#DIV/0!,0,#DIV/0!,0,#DIV/0!,0,#DIV/0!,0,#DIV/0!,0,#DIV/0!,$0.00,#DIV/0!,#DIV/0!,$0.00,#DIV/0!,#DIV/0!,#DIV/0!,0,0,0,,,
2/17/2026,Testing,,SC116_1.5k-3.5kSQFTCrossCountry | SV35_FullTruckInterior,$0.00,0,#DIV/0!,0,#DIV/0!,0,#DIV/0!,0,#DIV/0!,0,#DIV/0!,0,#DIV/0!,$0.00,#DIV/0!,#DIV/0!,$0.00,#DIV/0!,#DIV/0!,#DIV/0!,0,0,0,,,
2/17/2026,Testing,,SC117_WeSpecializeInFullHousehold | SV35_FullTruckInterior,$0.00,0,#DIV/0!,0,#DIV/0!,0,#DIV/0!,0,#DIV/0!,0,#DIV/0!,0,#DIV/0!,$0.00,#DIV/0!,#DIV/0!,$0.00,#DIV/0!,#DIV/0!,#DIV/0!,0,0,0,,,
2/17/2026,Testing,,SC118_NoHL-3-4B | SV35_FullTruckInterior,$0.00,0,#DIV/0!,0,#DIV/0!,0,#DIV/0!,0,#DIV/0!,0,#DIV/0!,0,#DIV/0!,$0.00,#DIV/0!,#DIV/0!,$0.00,#DIV/0!,#DIV/0!,#DIV/0!,0,0,0,,,
2/17/2026,Testing,,SC119_MostMoversCan'tHandle | SV35_FullTruckInterior,$0.00,0,#DIV/0!,0,#DIV/0!,0,#DIV/0!,0,#DIV/0!,0,#DIV/0!,0,#DIV/0!,$0.00,#DIV/0!,#DIV/0!,$0.00,#DIV/0!,#DIV/0!,#DIV/0!,0,0,0,,,
2/15/2026,Testing,Active,Similar Customer Proof - Offer Lead 6 - CIDCXT73QZ,$138.06,1,$138.06,0,#DIV/0!,0,#DIV/0!,0,#DIV/0!,0,#DIV/0!,0,#DIV/0!,$0.00,#DIV/0!,0.00,-$138.06,1.81%,1.21%,$28.36,"4,868",88,59,,,
2/15/2026,Testing,Active,Similar Customer Proof - Offer Lead 1 - CIDWNTI0MF,$133.80,7,$19.11,7,$19.11,7,$19.11,2,$66.90,4,$33.45,0,#DIV/0!,$0.00,#DIV/0!,0.00,-$133.80,1.90%,1.45%,$31.37,"4,265",81,62,,,
2/15/2026,Winner,Active,Similar Customer Proof - Offer Lead 7 - CIDWODX622,$506.20,12,$42.18,10,$50.62,12,$42.18,2,$253.10,1,$506.20,1,$506.20,"$2,598.79","$2,598.79",5.13,"$2,092.59",1.86%,1.46%,$27.87,"18,160",338,266,,,
2/15/2026,Testing,Active,Similar Customer Proof - Offer Lead 2 - CIDZEKBWGE,$73.26,0,#DIV/0!,0,#DIV/0!,0,#DIV/0!,0,#DIV/0!,0,#DIV/0!,0,#DIV/0!,$0.00,#DIV/0!,0.00,-$73.26,1.86%,1.60%,$24.36,"3,008",56,48,,,
2/15/2026,Testing,Active,Similar Customer Proof - Offer Lead 8 - CIDRRJQ28D,$22.07,4,$5.52,3,$7.36,0,#DIV/0!,0,#DIV/0!,0,#DIV/0!,0,#DIV/0!,$0.00,#DIV/0!,0.00,-$22.07,1.46%,1.24%,$24.83,889,13,11,,,
2/15/2026,Testing,Active,Similar Customer Proof - Offer Lead 3 - CIDB0WV4K3,$68.38,1,$68.38,1,$68.38,0,#DIV/0!,0,#DIV/0!,0,#DIV/0!,0,#DIV/0!,$0.00,#DIV/0!,0.00,-$68.38,1.63%,1.44%,$31.83,"2,148",35,31,,,
2/15/2026,Testing,Active,Similar Customer Proof - Offer Lead 9 - CIDC9FEYF1,$14.95,0,#DIV/0!,0,#DIV/0!,0,#DIV/0!,0,#DIV/0!,0,#DIV/0!,0,#DIV/0!,$0.00,#DIV/0!,0.00,-$14.95,1.89%,1.75%,$21.76,687,13,12,,,
2/15/2026,Testing,Active,Similar Customer Proof - Offer Lead 4 - CID87RDIIV,$9.92,0,#DIV/0!,0,#DIV/0!,0,#DIV/0!,0,#DIV/0!,0,#DIV/0!,0,#DIV/0!,$0.00,#DIV/0!,0.00,-$9.92,0.74%,0.74%,$36.74,270,2,2,,,
2/15/2026,Testing,Active,Similar Customer Proof - Offer Lead 10 - CIDC8BPE2T,$34.64,1,$34.64,0,#DIV/0!,0,#DIV/0!,0,#DIV/0!,0,#DIV/0!,0,#DIV/0!,$0.00,#DIV/0!,0.00,-$34.64,2.52%,2.52%,$31.12,"1,113",28,28,,,
2/15/2026,Testing,Active,Similar Customer Proof - Offer Lead 5 - CIDR0EU553,$9.82,0,#DIV/0!,0,#DIV/0!,0,#DIV/0!,0,#DIV/0!,0,#DIV/0!,0,#DIV/0!,$0.00,#DIV/0!,0.00,-$9.82,1.27%,1.27%,$31.08,316,4,4,,,
2/23/2026,Testing,Active,3BR Owner Stories - Offer Lead 1 - CIDOKLX6QA,$71.42,0,#DIV/0!,0,#DIV/0!,0,#DIV/0!,0,#DIV/0!,0,#DIV/0!,0,#DIV/0!,$0.00,#DIV/0!,0.00,-$71.42,2.60%,2.29%,$36.36,"1,964",51,45,,,
2/23/2026,Testing,Active,3BR Owner Stories - Offer Lead 2 - CIDX8UU7FJ,$71.10,2,$35.55,2,$35.55,0,#DIV/0!,0,#DIV/0!,0,#DIV/0!,0,#DIV/0!,$0.00,#DIV/0!,0.00,-$71.10,1.83%,1.51%,$32.50,"2,188",40,33,,,
2/23/2026,Testing,Active,3BR Owner Stories - Offer Lead 3 - CIDOCC5C16,$190.43,1,$190.43,0,#DIV/0!,0,#DIV/0!,0,#DIV/0!,0,#DIV/0!,0,#DIV/0!,$0.00,#DIV/0!,0.00,-$190.43,1.79%,1.32%,$23.31,"8,168",146,108,,,
2/23/2026,Testing,Active,3BR Owner Stories - Offer Lead 4 - CIDTL4T5XA,$25.17,0,#DIV/0!,0,#DIV/0!,0,#DIV/0!,0,#DIV/0!,0,#DIV/0!,0,#DIV/0!,$0.00,#DIV/0!,0.00,-$25.17,2.20%,1.88%,$26.36,955,21,18,,,
2/23/2026,Testing,Active,3BR Owner Stories - Offer Lead 5 - CIDVLEWHZW,$94.84,0,#DIV/0!,0,#DIV/0!,0,#DIV/0!,0,#DIV/0!,0,#DIV/0!,0,#DIV/0!,$0.00,#DIV/0!,0.00,-$94.84,7.51%,7.87%,$37.50,"2,529",190,199,,,
2/23/2026,On the fence,Active,3BR Cross-Country Cost - Offer Lead 1 - CIDXFH8QT1,$935.50,7,$133.64,5,$187.10,3,$311.83,0,#DIV/0!,0,#DIV/0!,0,#DIV/0!,$0.00,#DIV/0!,0.00,-$935.50,14.02%,14.92%,$39.98,"23,401","3,280","3,491",,,
2/23/2026,Testing,Active,3BR Cross-Country Cost - Offer Lead 2 - CIDI84XP93,$0.00,0,#DIV/0!,0,#DIV/0!,0,#DIV/0!,0,#DIV/0!,0,#DIV/0!,0,#DIV/0!,$0.00,#DIV/0!,#DIV/0!,$0.00,#DIV/0!,#DIV/0!,#DIV/0!,0,0,0,,,
2/23/2026,Testing,Active,3BR Cross-Country Cost - Offer Lead 3 - CIDAQDYQIB,$0.00,0,#DIV/0!,0,#DIV/0!,0,#DIV/0!,0,#DIV/0!,0,#DIV/0!,0,#DIV/0!,$0.00,#DIV/0!,#DIV/0!,$0.00,#DIV/0!,#DIV/0!,#DIV/0!,0,0,0,,,
2/23/2026,Testing,Active,3BR Cross-Country Cost - Offer Lead 4 - CIDH442IYJ,$0.00,0,#DIV/0!,0,#DIV/0!,0,#DIV/0!,0,#DIV/0!,0,#DIV/0!,0,#DIV/0!,$0.00,#DIV/0!,#DIV/0!,$0.00,#DIV/0!,#DIV/0!,#DIV/0!,0,0,0,,,
2/23/2026,Testing,Active,3BR Cross-Country Cost - Offer Lead 5 - CID1CJMDXT,$0.00,0,#DIV/0!,0,#DIV/0!,0,#DIV/0!,0,#DIV/0!,0,#DIV/0!,0,#DIV/0!,$0.00,#DIV/0!,#DIV/0!,$0.00,#DIV/0!,#DIV/0!,#DIV/0!,0,0,0,,,
2/25/2026,Testing,Active,No Ghosting - Offer Lead 1 - CIDNBTUF8H,$9.79,0,#DIV/0!,0,#DIV/0!,0,#DIV/0!,0,#DIV/0!,0,#DIV/0!,0,#DIV/0!,$0.00,#DIV/0!,0.00,-$9.79,1.36%,0.68%,$33.19,295,4,2,,,
2/25/2026,Testing,Active,No Ghosting - Offer Lead 2 - CID69Y9ZCL,$8.29,1,$8.29,1,$8.29,1,$8.29,1,$8.29,0,#DIV/0!,0,#DIV/0!,$0.00,#DIV/0!,0.00,-$8.29,1.01%,1.52%,$41.87,198,2,3,,,
2/25/2026,Testing,Active,No Ghosting - Offer Lead 3 - CIDZG9UND1,$9.16,0,#DIV/0!,0,#DIV/0!,0,#DIV/0!,0,#DIV/0!,0,#DIV/0!,0,#DIV/0!,$0.00,#DIV/0!,0.00,-$9.16,1.56%,1.17%,$35.64,257,4,3,,,
2/25/2026,Testing,Active,No Ghosting - Offer Lead 4 - CID3E4OGPT,$12.05,0,#DIV/0!,0,#DIV/0!,0,#DIV/0!,0,#DIV/0!,0,#DIV/0!,0,#DIV/0!,$0.00,#DIV/0!,0.00,-$12.05,1.61%,1.61%,$38.75,311,5,5,,,
2/25/2026,Testing,Active,No Ghosting - Offer Lead 5 - CIDSIF28US,$14.34,1,$14.34,1,$14.34,0,#DIV/0!,0,#DIV/0!,0,#DIV/0!,0,#DIV/0!,$0.00,#DIV/0!,0.00,-$14.34,1.54%,1.10%,$31.52,455,7,5,,,
2/17/2026,Testing,Active,Visual Move Proof - Offer Lead 1 - CID9MFVST3,$45.40,1,$45.40,1,$45.40,0,#DIV/0!,0,#DIV/0!,0,#DIV/0!,0,#DIV/0!,$0.00,#DIV/0!,0.00,-$45.40,5.07%,4.87%,$92.09,493,25,24,,,
2/17/2026,Testing,Active,Visual Move Proof - Offer Lead 2 - CIDE4IW7FH,$74.87,0,#DIV/0!,0,#DIV/0!,0,#DIV/0!,0,#DIV/0!,0,#DIV/0!,0,#DIV/0!,$0.00,#DIV/0!,0.00,-$74.87,1.58%,1.69%,$79.06,947,15,16,,,
2/17/2026,Testing,Active,Visual Move Proof - Offer Lead 3 - CIDAD21588,$15.80,0,#DIV/0!,0,#DIV/0!,0,#DIV/0!,0,#DIV/0!,0,#DIV/0!,0,#DIV/0!,$0.00,#DIV/0!,0.00,-$15.80,4.39%,3.41%,$77.07,205,9,7,,,
2/17/2026,Testing,Active,Visual Move Proof - Offer Lead 4 - CIDN0ITFCD,$188.86,0,#DIV/0!,0,#DIV/0!,0,#DIV/0!,0,#DIV/0!,0,#DIV/0!,0,#DIV/0!,$0.00,#DIV/0!,0.00,-$188.86,1.76%,1.54%,$47.56,"3,971",70,61,,,
2/17/2026,Testing,Active,Visual Move Proof - Offer Lead 5 - CIDA2EIQQL,$29.56,0,#DIV/0!,0,#DIV/0!,0,#DIV/0!,0,#DIV/0!,0,#DIV/0!,0,#DIV/0!,$0.00,#DIV/0!,0.00,-$29.56,3.84%,4.06%,$66.73,443,17,18,,,
2/23/2026,Testing,Active,3BR Customer Relief - Offer Lead 1 - CIDWQV6338,$365.95,5,$73.19,5,$73.19,6,$60.99,1,$365.95,1,$365.95,0,#DIV/0!,$0.00,#DIV/0!,0.00,-$365.95,2.59%,2.09%,$30.80,"11,882",308,248,,,
2/23/2026,Testing,Active,3BR Customer Relief - Offer Lead 2 - CIDUX2WTW0,$105.24,0,#DIV/0!,0,#DIV/0!,0,#DIV/0!,0,#DIV/0!,0,#DIV/0!,0,#DIV/0!,$0.00,#DIV/0!,0.00,-$105.24,2.51%,1.54%,$30.02,"3,506",88,54,,,
2/23/2026,Testing,Active,3BR Customer Relief - Offer Lead 3 - CIDOQ2J5NF,$66.73,0,#DIV/0!,0,#DIV/0!,0,#DIV/0!,0,#DIV/0!,0,#DIV/0!,0,#DIV/0!,$0.00,#DIV/0!,0.00,-$66.73,5.97%,6.24%,$35.59,"1,875",112,117,,,
2/23/2026,Testing,Active,3BR Customer Relief - Offer Lead 4 - CIDYRPATLC,$54.72,0,#DIV/0!,0,#DIV/0!,0,#DIV/0!,0,#DIV/0!,0,#DIV/0!,0,#DIV/0!,$0.00,#DIV/0!,0.00,-$54.72,3.01%,2.85%,$27.89,"1,962",59,56,,,
2/23/2026,Testing,Active,3BR Customer Relief - Offer Lead 5 - CIDC9YQMC0,$78.51,0,#DIV/0!,0,#DIV/0!,0,#DIV/0!,0,#DIV/0!,0,#DIV/0!,0,#DIV/0!,$0.00,#DIV/0!,0.00,-$78.51,3.90%,3.27%,$30.61,"2,565",100,84,,,
2/23/2026,Testing,Active,3BR Customer Relief - Offer Lead 6 - CIDJPMAQAP,$174.94,3,$58.31,3,$58.31,0,#DIV/0!,0,#DIV/0!,0,#DIV/0!,0,#DIV/0!,$0.00,#DIV/0!,0.00,-$174.94,1.74%,1.48%,$24.21,"7,227",126,107,,,
2/23/2026,Testing,Active,3BR Customer Relief - Offer Lead 7 - CIDA7W1DSK,$44.69,0,#DIV/0!,0,#DIV/0!,0,#DIV/0!,0,#DIV/0!,0,#DIV/0!,0,#DIV/0!,$0.00,#DIV/0!,0.00,-$44.69,1.51%,1.34%,$24.92,"1,793",27,24,,,
2/23/2026,Testing,Active,3BR Customer Relief - Offer Lead 8 - CID1BKK728,$23.19,0,#DIV/0!,0,#DIV/0!,0,#DIV/0!,0,#DIV/0!,0,#DIV/0!,0,#DIV/0!,$0.00,#DIV/0!,0.00,-$23.19,3.58%,3.58%,$20.74,"1,118",40,40,,,
2/23/2026,Testing,Active,3BR Customer Relief - Offer Lead 9 - CIDRPFL60W,$87.64,0,#DIV/0!,0,#DIV/0!,0,#DIV/0!,0,#DIV/0!,0,#DIV/0!,0,#DIV/0!,$0.00,#DIV/0!,0.00,-$87.64,1.27%,0.95%,$18.60,"4,713",60,45,,,
2/23/2026,Testing,Active,3BR Customer Relief - Offer Lead 10 - CID9STT0TQ,$75.75,1,$75.75,1,$75.75,0,#DIV/0!,0,#DIV/0!,0,#DIV/0!,0,#DIV/0!,$0.00,#DIV/0!,0.00,-$75.75,1.44%,1.08%,$21.00,"3,608",52,39,,,
2/23/2026,Testing,Active,3BR Owner Stories - Offer Lead 6 - CIDL9E8ZPK,$50.71,0,#DIV/0!,0,#DIV/0!,0,#DIV/0!,0,#DIV/0!,0,#DIV/0!,0,#DIV/0!,$0.00,#DIV/0!,0.00,-$50.71,2.42%,1.87%,$27.85,"1,821",44,34,,,
2/23/2026,Testing,Active,3BR Owner Stories - Offer Lead 7 - CIDND82MRP,$80.11,0,#DIV/0!,0,#DIV/0!,0,#DIV/0!,0,#DIV/0!,0,#DIV/0!,0,#DIV/0!,$0.00,#DIV/0!,0.00,-$80.11,1.39%,0.66%,$26.61,"3,011",42,20,,,
2/23/2026,Testing,Active,3BR Owner Stories - Offer Lead 8 - CID31QDI0T,$39.54,0,#DIV/0!,0,#DIV/0!,0,#DIV/0!,0,#DIV/0!,0,#DIV/0!,0,#DIV/0!,$0.00,#DIV/0!,0.00,-$39.54,1.86%,1.86%,$35.02,"1,129",21,21,,,
2/23/2026,Testing,Active,3BR Owner Stories - Offer Lead 9 - CIDUF6LRV7,$29.69,1,$29.69,1,$29.69,1,$29.69,1,$29.69,0,#DIV/0!,0,#DIV/0!,$0.00,#DIV/0!,0.00,-$29.69,3.12%,2.85%,$26.44,"1,123",35,32,,,
2/23/2026,Testing,Active,3BR Owner Stories - Offer Lead 10 - CID4C22FWG,$54.72,0,#DIV/0!,0,#DIV/0!,0,#DIV/0!,0,#DIV/0!,0,#DIV/0!,0,#DIV/0!,$0.00,#DIV/0!,0.00,-$54.72,5.06%,5.06%,$28.28,"1,935",98,98,,,
2/25/2026,Testing,Active,Quiet Overwhelm - Offer Lead 1 - CIDG985JBO,$9.59,0,#DIV/0!,0,#DIV/0!,0,#DIV/0!,0,#DIV/0!,0,#DIV/0!,0,#DIV/0!,$0.00,#DIV/0!,0.00,-$9.59,5.00%,5.00%,$119.88,80,4,4,,,
2/25/2026,Testing,Active,Quiet Overwhelm - Offer Lead 2 - CIDMI1364S,$3.36,0,#DIV/0!,0,#DIV/0!,0,#DIV/0!,0,#DIV/0!,0,#DIV/0!,0,#DIV/0!,$0.00,#DIV/0!,0.00,-$3.36,0.00%,0.00%,$70.00,48,0,0,,,
2/25/2026,Testing,Active,Quiet Overwhelm - Offer Lead 3 - CID6B6ZP1T,$18.45,0,#DIV/0!,0,#DIV/0!,0,#DIV/0!,0,#DIV/0!,0,#DIV/0!,0,#DIV/0!,$0.00,#DIV/0!,0.00,-$18.45,4.03%,2.42%,$148.79,124,5,3,,,
2/25/2026,Testing,Active,Quiet Overwhelm - Offer Lead 4 - CIDO82ZBNH,$24.81,0,#DIV/0!,0,#DIV/0!,0,#DIV/0!,0,#DIV/0!,0,#DIV/0!,0,#DIV/0!,$0.00,#DIV/0!,0.00,-$24.81,0.33%,0.33%,$82.15,302,1,1,,,
2/25/2026,Testing,Active,Quiet Overwhelm - Offer Lead 5 - CIDKGUYFZR,$1.99,0,#DIV/0!,0,#DIV/0!,0,#DIV/0!,0,#DIV/0!,0,#DIV/0!,0,#DIV/0!,$0.00,#DIV/0!,0.00,-$1.99,0.00%,0.00%,$51.03,39,0,0,,,
2/25/2026,Testing,Active,Threat / Hot Alarm - Proclamation Lead 1 - CIDAYH2KTY,$17.92,0,#DIV/0!,0,#DIV/0!,0,#DIV/0!,0,#DIV/0!,0,#DIV/0!,0,#DIV/0!,$0.00,#DIV/0!,0.00,-$17.92,0.85%,0.85%,$75.93,236,2,2,,,
2/25/2026,Testing,Active,Threat / Hot Alarm - Proclamation Lead 2 - CIDZA3W871,$0.00,0,#DIV/0!,0,#DIV/0!,0,#DIV/0!,0,#DIV/0!,0,#DIV/0!,0,#DIV/0!,$0.00,#DIV/0!,#DIV/0!,$0.00,#DIV/0!,#DIV/0!,#DIV/0!,0,0,0,,,
2/25/2026,Testing,Active,Threat / Hot Alarm - Proclamation Lead 3 - CIDCUXHK5L,$5.52,0,#DIV/0!,0,#DIV/0!,0,#DIV/0!,0,#DIV/0!,0,#DIV/0!,0,#DIV/0!,$0.00,#DIV/0!,0.00,-$5.52,1.20%,0.00%,$66.51,83,1,0,,,
2/25/2026,Testing,Active,Threat / Hot Alarm - Proclamation Lead 4 - CID1GHWEZP,$27.51,0,#DIV/0!,0,#DIV/0!,0,#DIV/0!,0,#DIV/0!,0,#DIV/0!,0,#DIV/0!,$0.00,#DIV/0!,0.00,-$27.51,1.73%,0.99%,$67.93,405,7,4,,,
2/25/2026,Testing,Active,Threat / Hot Alarm - Proclamation Lead 5 - CIDU0C7XY1,$2.79,0,#DIV/0!,0,#DIV/0!,0,#DIV/0!,0,#DIV/0!,0,#DIV/0!,0,#DIV/0!,$0.00,#DIV/0!,0.00,-$2.79,0.00%,0.00%,$68.05,41,0,0,,,
,,,Calm Confidence - Promise Lead 1 - CIDYWWUBC1,$0.00,0,#DIV/0!,0,#DIV/0!,0,#DIV/0!,0,#DIV/0!,0,#DIV/0!,0,#DIV/0!,$0.00,#DIV/0!,#DIV/0!,$0.00,#DIV/0!,#DIV/0!,#DIV/0!,0,0,0,,,
,,,Calm Confidence - Promise Lead 2 - CID8XU7QPS,$0.00,0,#DIV/0!,0,#DIV/0!,0,#DIV/0!,0,#DIV/0!,0,#DIV/0!,0,#DIV/0!,$0.00,#DIV/0!,#DIV/0!,$0.00,#DIV/0!,#DIV/0!,#DIV/0!,0,0,0,,,
,,,Calm Confidence - Promise Lead 3 - CID5KCNS18,$0.00,0,#DIV/0!,0,#DIV/0!,0,#DIV/0!,0,#DIV/0!,0,#DIV/0!,0,#DIV/0!,$0.00,#DIV/0!,#DIV/0!,$0.00,#DIV/0!,#DIV/0!,#DIV/0!,0,0,0,,,
,,,Calm Confidence - Promise Lead 4 - CIDX2FFEQK,$0.00,0,#DIV/0!,0,#DIV/0!,0,#DIV/0!,0,#DIV/0!,0,#DIV/0!,0,#DIV/0!,$0.00,#DIV/0!,#DIV/0!,$0.00,#DIV/0!,#DIV/0!,#DIV/0!,0,0,0,,,
,,,Calm Confidence - Promise Lead 5 - CID7TW5YZH,$0.00,0,#DIV/0!,0,#DIV/0!,0,#DIV/0!,0,#DIV/0!,0,#DIV/0!,0,#DIV/0!,$0.00,#DIV/0!,#DIV/0!,$0.00,#DIV/0!,#DIV/0!,#DIV/0!,0,0,0,,,
2/25/2026,Testing,Active,Excited Transformation - Proclamation Lead 1 - CIDGLH1K6V,$0.00,0,#DIV/0!,0,#DIV/0!,0,#DIV/0!,0,#DIV/0!,0,#DIV/0!,0,#DIV/0!,$0.00,#DIV/0!,#DIV/0!,$0.00,#DIV/0!,#DIV/0!,#DIV/0!,0,0,0,,,
2/25/2026,Testing,Active,Excited Transformation - Proclamation Lead 2 - CIDRNZ1UVN,$0.00,0,#DIV/0!,0,#DIV/0!,0,#DIV/0!,0,#DIV/0!,0,#DIV/0!,0,#DIV/0!,$0.00,#DIV/0!,#DIV/0!,$0.00,#DIV/0!,#DIV/0!,#DIV/0!,0,0,0,,,
2/25/2026,Testing,Active,Excited Transformation - Proclamation Lead 3 - CID79VBYJC,$0.00,0,#DIV/0!,0,#DIV/0!,0,#DIV/0!,0,#DIV/0!,0,#DIV/0!,0,#DIV/0!,$0.00,#DIV/0!,#DIV/0!,$0.00,#DIV/0!,#DIV/0!,#DIV/0!,0,0,0,,,
2/25/2026,Testing,Active,Excited Transformation - Proclamation Lead 4 - CID8D135P9,$0.00,0,#DIV/0!,0,#DIV/0!,0,#DIV/0!,0,#DIV/0!,0,#DIV/0!,0,#DIV/0!,$0.00,#DIV/0!,#DIV/0!,$0.00,#DIV/0!,#DIV/0!,#DIV/0!,0,0,0,,,
2/25/2026,Testing,Active,Excited Transformation - Proclamation Lead 5 - CIDPPPSICO,$0.00,0,#DIV/0!,0,#DIV/0!,0,#DIV/0!,0,#DIV/0!,0,#DIV/0!,0,#DIV/0!,$0.00,#DIV/0!,#DIV/0!,$0.00,#DIV/0!,#DIV/0!,#DIV/0!,0,0,0,,,
2/25/2026,Testing,Active,Moving Cost Clarity - Offer Lead 1 - CID9Y6TGDB,$6.54,0,#DIV/0!,0,#DIV/0!,0,#DIV/0!,0,#DIV/0!,0,#DIV/0!,0,#DIV/0!,$0.00,#DIV/0!,0.00,-$6.54,2.29%,1.53%,$49.92,131,3,2,,,
2/25/2026,Testing,Active,Moving Cost Clarity - Offer Lead 2 - CIDI9HB0RK,$17.22,0,#DIV/0!,0,#DIV/0!,0,#DIV/0!,0,#DIV/0!,0,#DIV/0!,0,#DIV/0!,$0.00,#DIV/0!,0.00,-$17.22,0.97%,0.65%,$55.91,308,3,2,,,
2/25/2026,Testing,Active,Moving Cost Clarity - Offer Lead 3 - CIDUUA2886,$9.31,1,$9.31,1,$9.31,1,$9.31,0,#DIV/0!,1,$9.31,0,#DIV/0!,$0.00,#DIV/0!,0.00,-$9.31,2.24%,0.75%,$69.48,134,3,1,,,
2/25/2026,Testing,Active,Moving Cost Clarity - Offer Lead 4 - CIDMYP1BC7,$19.70,1,$19.70,1,$19.70,0,#DIV/0!,0,#DIV/0!,0,#DIV/0!,0,#DIV/0!,$0.00,#DIV/0!,0.00,-$19.70,0.97%,0.48%,$95.17,207,2,1,,,
2/25/2026,Testing,Active,Moving Cost Clarity - Offer Lead 5 - CID7U549ZP,$4.14,0,#DIV/0!,0,#DIV/0!,0,#DIV/0!,0,#DIV/0!,0,#DIV/0!,0,#DIV/0!,$0.00,#DIV/0!,0.00,-$4.14,0.00%,0.00%,$53.77,77,0,0,,,
,,,Moving Cost Clarity - Offer Lead 6 - CIDWP4VPPI,$0.00,0,#DIV/0!,0,#DIV/0!,0,#DIV/0!,0,#DIV/0!,0,#DIV/0!,0,#DIV/0!,$0.00,#DIV/0!,#DIV/0!,$0.00,#DIV/0!,#DIV/0!,#DIV/0!,0,0,0,,,
,,,Moving Cost Clarity - Offer Lead 7 - CIDSP6IW8O,$0.00,0,#DIV/0!,0,#DIV/0!,0,#DIV/0!,0,#DIV/0!,0,#DIV/0!,0,#DIV/0!,$0.00,#DIV/0!,#DIV/0!,$0.00,#DIV/0!,#DIV/0!,#DIV/0!,0,0,0,,,
,,,Moving Cost Clarity - Offer Lead 8 - CID6CV702P,$0.00,0,#DIV/0!,0,#DIV/0!,0,#DIV/0!,0,#DIV/0!,0,#DIV/0!,0,#DIV/0!,$0.00,#DIV/0!,#DIV/0!,$0.00,#DIV/0!,#DIV/0!,#DIV/0!,0,0,0,,,
,,,Moving Cost Clarity - Offer Lead 9 - CID4NPZBAG,$0.00,0,#DIV/0!,0,#DIV/0!,0,#DIV/0!,0,#DIV/0!,0,#DIV/0!,0,#DIV/0!,$0.00,#DIV/0!,#DIV/0!,$0.00,#DIV/0!,#DIV/0!,#DIV/0!,0,0,0,,,
,,,Moving Cost Clarity - Offer Lead 10 - CIDIYMA396,$0.00,0,#DIV/0!,0,#DIV/0!,0,#DIV/0!,0,#DIV/0!,0,#DIV/0!,0,#DIV/0!,$0.00,#DIV/0!,#DIV/0!,$0.00,#DIV/0!,#DIV/0!,#DIV/0!,0,0,0,,,