Timeline,Date,Spend,Impressions,CPM,Reach,Clicks (all),CTR (all),CPC (all),Clicks (link),CTR (link),CPC (link),Leads,CPL,New Leads,CPNL,Raw Calls ,CPCall,Connected Calls,CPConnected,Connected %,Sales - Book Date,CPA - Book Date,Lead To Close %,Raw Call Close %,Connected Call to Close %,Cash - Book Date,Cash ROAS - Book Date,Sales - Open Date,CPA - Open Date,Cash - Open Date,Cash ROAS - Open Date,
,CURRENT,"$550,418.91","14,144,444",$38.91,"9,325,903","364,833",3.91%,$1.51,"61,538",0.66%,$8.94,"7,688",$71.59,"8,102",$67.94,"2,214",$248.61,"1,446",$380.65,65.31%,520,"$1,058.50",6.76%,23.49%,35.96%,"$870,982.00",1.58,494,"$1,114.21","$856,488.01",1.56,"$1,674.97"
,,,,,,,,,,,,,,,,,,,,,,,,,,,,,,,,
Monday,"September 15, 2025",$54.69,"1,192",$45.88,"1,112",23,2.07%,$2.38,14,1.26%,$3.91,2,$27.35,2,$27.35,0,#DIV/0!,0,#DIV/0!,#DIV/0!,0,#DIV/0!,0.00%,#DIV/0!,#DIV/0!,$0.00,0.00,0,#DIV/0!,$0.00,0.00,930.54
Tuesday,"September 16, 2025",$570.32,"11,465",$49.74,"8,235",255,3.10%,$2.24,100,1.21%,$5.70,16,$35.65,16,$35.65,5,$114.06,2,$285.16,40.00%,0,#DIV/0!,0.00%,0.00%,0.00%,$0.00,0.00,1,$570.32,"$1,272.65",2.23,316.38
Wednesday,"September 17, 2025",$946.67,"18,000",$52.59,"12,481",445,3.57%,$2.13,165,1.32%,$5.74,37,$25.59,39,$24.27,3,$315.56,2,$473.34,66.67%,2,$473.34,5.41%,66.67%,100.00%,"$2,166.65",2.29,3,$315.56,"$3,603.22",3.81,
Thursday,"September 18, 2025",$861.76,"17,660",$48.80,"12,420",408,3.29%,$2.11,134,1.08%,$6.43,17,$50.69,18,$47.88,2,$430.88,2,$430.88,100.00%,0,#DIV/0!,0.00%,0.00%,0.00%,$0.00,0.00,1,$861.76,$800.00,0.93,
Friday,"September 19, 2025",$834.46,"15,781",$52.88,"11,218",375,3.34%,$2.23,150,1.34%,$5.56,26,$32.09,24,$34.77,9,$92.72,8,$104.31,88.89%,1,$834.46,3.85%,11.11%,12.50%,"$1,394.56",1.67,1,$834.46,"$1,394.56",1.67,
Saturday,"September 20, 2025",$754.11,"16,047",$46.99,"11,926",355,2.98%,$2.12,148,1.24%,$5.10,16,$47.13,16,$47.13,5,$150.82,4,$188.53,80.00%,1,$754.11,6.25%,20.00%,25.00%,"$1,775.00",2.35,1,$754.11,"$1,050.00",1.39,
Sunday,"September 21, 2025",$878.54,"18,656",$47.09,"12,839",415,3.23%,$2.12,171,1.33%,$5.14,19,$46.24,24,$36.61,3,$292.85,3,$292.85,100.00%,0,#DIV/0!,0.00%,0.00%,0.00%,$0.00,0.00,1,$878.54,"$1,201.61",1.37,
Monday,"September 22, 2025","$1,123.48","26,410",$42.54,"17,707",768,4.34%,$1.46,237,1.34%,$4.74,40,$28.09,25,$44.94,4,$280.87,3,$374.49,75.00%,4,$280.87,10.00%,100.00%,133.33%,"$4,328.99",3.85,4,$280.87,"$3,967.38",3.53,
Tuesday,"September 23, 2025","$1,153.46","25,785",$44.73,"18,336",578,3.15%,$2.00,248,1.35%,$4.65,31,$37.21,16,$72.09,7,$164.78,6,$192.24,85.71%,2,$576.73,6.45%,28.57%,33.33%,"$2,831.37",2.45,3,$384.49,"$4,167.75",3.61,
Wednesday,"September 24, 2025","$1,077.34","28,384",$37.96,"21,342",565,2.65%,$1.91,368,1.72%,$2.93,28,$38.48,17,$63.37,9,$119.70,7,$153.91,77.78%,0,#DIV/0!,0.00%,0.00%,0.00%,$0.00,0.00,2,$538.67,"$6,312.65",5.86,
Thursday,"September 25, 2025",$952.92,"25,551",$37.29,"20,228",484,2.39%,$1.97,331,1.64%,$2.88,29,$32.86,16,$59.56,6,$158.82,4,$238.23,66.67%,2,$476.46,6.90%,33.33%,50.00%,"$5,456.77",5.73,1,$952.92,"$1,357.00",1.42,
Friday,"September 26, 2025","$1,337.50","37,556",$35.61,"29,260",682,2.33%,$1.96,434,1.48%,$3.08,27,$49.54,17,$78.68,4,$334.38,3,$445.83,75.00%,1,"$1,337.50",3.70%,25.00%,33.33%,$840.00,0.63,0,#DIV/0!,$0.00,0.00,
Saturday,"September 27, 2025","$1,251.08","33,793",$37.02,"25,038",601,2.40%,$2.08,365,1.46%,$3.43,27,$46.34,21,$59.58,5,$250.22,3,$417.03,60.00%,0,#DIV/0!,0.00%,0.00%,0.00%,$0.00,0.00,2,$625.54,"$4,076.00",3.26,
Sunday,"September 28, 2025","$1,388.60","30,214",$45.96,"22,383",584,2.61%,$2.38,352,1.57%,$3.94,33,$42.08,25,$55.54,8,$173.58,5,$277.72,62.50%,0,#DIV/0!,0.00%,0.00%,0.00%,$0.00,0.00,2,$694.30,"$2,261.98",1.63,
Monday,"September 29, 2025","$1,632.48","44,738",$36.49,"32,892",981,2.98%,$1.66,427,1.30%,$3.82,44,$37.10,34,$48.01,3,$544.16,2,$816.24,66.67%,1,"$1,632.48",2.27%,33.33%,50.00%,"$1,145.00",0.70,2,$816.24,"$2,273.38",1.39,
Tuesday,"September 30, 2025","$1,934.85","56,807",$34.06,"41,717","1,250",3.00%,$1.55,500,1.20%,$3.87,47,$41.17,37,$52.29,9,$214.98,7,$276.41,77.78%,3,$644.95,6.38%,33.33%,42.86%,"$3,071.22",1.59,2,$967.43,"$3,146.38",1.63,
Wednesday,"October 1, 2025","$2,088.26","63,537",$32.87,"49,124","1,224",2.49%,$1.71,523,1.06%,$3.99,49,$42.62,46,$45.40,13,$160.64,6,$348.04,46.15%,4,$522.07,8.16%,30.77%,66.67%,"$10,759.64",5.15,3,$696.09,"$7,677.78",3.68,
Thursday,"October 2, 2025","$2,293.31","71,218",$32.20,"48,812","1,442",2.95%,$1.59,551,1.13%,$4.16,33,$69.49,31,$73.98,17,$134.90,11,$208.48,64.71%,2,"$1,146.66",6.06%,11.76%,18.18%,"$2,081.38",0.91,2,"$1,146.66","$4,351.49",1.90,
Friday,"October 3, 2025","$2,103.83","70,171",$29.98,"52,144","1,335",2.56%,$1.58,545,1.05%,$3.86,45,$46.75,43,$48.93,11,$191.26,8,$262.98,72.73%,1,"$2,103.83",2.22%,9.09%,12.50%,"$3,506.49",1.67,1,"$2,103.83","$1,336.38",0.64,
Saturday,"October 4, 2025","$2,252.75","74,017",$30.44,"54,693","1,682",3.08%,$1.34,601,1.10%,$3.75,47,$47.93,41,$54.95,11,$204.80,10,$225.28,90.91%,1,"$2,252.75",2.13%,9.09%,10.00%,"$1,450.00",0.64,1,"$2,252.75","$1,450.00",0.64,
Sunday,"October 5, 2025","$2,648.25","72,991",$36.28,"51,081","1,346",2.64%,$1.97,672,1.32%,$3.94,62,$42.71,48,$55.17,7,$378.32,2,"$1,324.13",28.57%,1,"$2,648.25",1.61%,14.29%,50.00%,"$3,550.00",1.34,6,$441.38,"$12,453.53",4.70,
Monday,"October 6, 2025","$2,938.27","97,304",$30.20,"75,671","1,750",2.31%,$1.68,874,1.15%,$3.36,94,$31.26,85,$34.57,21,$139.92,16,$183.64,76.19%,4,$734.57,4.26%,19.05%,25.00%,"$7,473.53",2.54,4,$734.57,"$9,672.99",3.29,
Tuesday,"October 7, 2025","$3,118.03","98,346",$31.70,"76,026","1,896",2.49%,$1.64,915,1.20%,$3.41,96,$32.48,91,$34.26,6,$519.67,5,$623.61,83.33%,4,$779.51,4.17%,66.67%,80.00%,"$9,214.00",2.96,4,$779.51,"$8,377.92",2.69,
Wednesday,"October 8, 2025","$3,453.08","122,800",$28.12,"91,950","2,698",2.93%,$1.28,994,1.08%,$3.47,62,$55.69,69,$50.04,15,$230.21,12,$287.76,80.00%,2,"$1,726.54",3.23%,13.33%,16.67%,"$2,371.00",0.69,2,"$1,726.54","$2,470.00",0.72,
Thursday,"October 9, 2025","$3,485.82","115,050",$30.30,"89,641","2,601",2.90%,$1.34,"1,251",1.40%,$2.79,58,$60.10,80,$43.57,9,$387.31,9,$387.31,100.00%,4,$871.46,6.90%,44.44%,44.44%,"$4,176.00",1.20,5,$697.16,"$8,742.70",2.51,
Friday,"October 10, 2025","$3,920.76","126,499",$30.99,"100,231","3,579",3.57%,$1.10,"2,126",2.12%,$1.84,40,$98.02,63,$62.23,8,$490.10,7,$560.11,87.50%,6,$653.46,15.00%,75.00%,85.71%,"$10,193.25",2.60,4,$980.19,"$5,315.38",1.36,
Saturday,"October 11, 2025","$2,681.71","73,324",$36.57,"57,067","1,829",3.21%,$1.47,"1,042",1.83%,$2.57,31,$86.51,35,$76.62,6,$446.95,5,$536.34,83.33%,1,"$2,681.71",3.23%,16.67%,20.00%,"$1,250.00",0.47,1,"$2,681.71","$1,745.35",0.65,
Sunday,"October 12, 2025","$2,019.46","50,539",$39.96,"35,134","1,096",3.12%,$1.84,704,2.00%,$2.87,39,$51.78,38,$53.14,2,"$1,009.73",2,"$1,009.73",100.00%,0,#DIV/0!,0.00%,0.00%,0.00%,$0.00,0.00,2,"$1,009.73","$2,719.81",1.35,
Monday,"October 13, 2025","$2,687.48","77,914",$34.49,"61,239","1,777",2.90%,$1.51,"1,191",1.94%,$2.26,50,$53.75,51,$52.70,12,$223.96,12,$223.96,100.00%,6,$447.91,12.00%,50.00%,50.00%,"$9,155.86",3.41,5,$537.50,"$8,390.96",3.12,
Tuesday,"October 14, 2025","$3,164.31","104,706",$30.22,"75,349","2,135",2.83%,$1.48,"1,117",1.48%,$2.83,54,$58.60,57,$55.51,13,$243.41,11,$287.66,84.62%,4,$791.08,7.41%,30.77%,36.36%,"$6,041.03",1.91,3,"$1,054.77","$3,280.99",1.04,
Wednesday,"October 15, 2025","$3,173.66","85,958",$36.92,"63,778","1,726",2.71%,$1.84,"1,122",1.76%,$2.83,48,$66.12,45,$70.53,9,$352.63,9,$352.63,100.00%,4,$793.42,8.33%,44.44%,44.44%,"$8,162.73",2.57,5,$634.73,"$9,710.57",3.06,36.49%
Thursday,"October 16, 2025","$3,482.20","97,513",$35.71,"74,306","1,930",2.60%,$1.80,"1,082",1.46%,$3.22,46,$75.70,45,$77.38,7,$497.46,4,$870.55,57.14%,5,$696.44,10.87%,71.43%,125.00%,"$8,045.71",2.31,3,"$1,160.73","$8,474.75",2.43,
Friday,"October 17, 2025","$1,236.74","31,405",$39.38,"26,084",643,2.47%,$1.92,371,1.42%,$3.33,14,$88.34,20,$61.84,6,$206.12,5,$247.35,83.33%,1,"$1,236.74",7.14%,16.67%,20.00%,"$5,465.62",4.42,1,"$1,236.74",$644.17,0.52,
Saturday,"October 18, 2025",$0.00,0,,0,0,,,0,,,0,#DIV/0!,0,#DIV/0!,1,$0.00,1,$0.00,100.00%,0,#DIV/0!,#DIV/0!,0.00%,0.00%,$0.00,#DIV/0!,,#DIV/0!,,#DIV/0!,
Sunday,"October 19, 2025","$4,270.72","105,080",$40.64,"77,252","2,475",3.20%,$1.73,"1,216",1.57%,$3.51,73,$58.50,82,$52.08,2,"$2,135.36",1,"$4,270.72",50.00%,0,#DIV/0!,0.00%,0.00%,0.00%,$0.00,0.00,3,"$1,423.57","$5,213.42",1.22,
Monday,"October 20, 2025","$3,916.35","86,696",$45.17,"63,842","1,925",3.02%,$2.03,"1,148",1.80%,$3.41,71,$55.16,67,$58.45,14,$279.74,11,$356.03,78.57%,6,$652.73,8.45%,42.86%,54.55%,"$8,628.61",2.20,3,"$1,305.45","$2,667.42",0.68,
Tuesday,"October 21, 2025","$3,772.30","91,099",$41.41,"70,078","1,868",2.67%,$2.02,"1,055",1.51%,$3.58,65,$58.04,66,$57.16,13,$290.18,11,$342.94,84.62%,3,"$1,257.43",4.62%,23.08%,27.27%,"$4,910.54",1.30,3,"$1,257.43","$4,389.04",1.16,
Wednesday,"October 22, 2025","$4,102.11","101,491",$40.42,"75,544","2,307",3.05%,$1.78,"1,315",1.74%,$3.12,70,$58.60,67,$61.23,23,$178.35,19,$215.90,82.61%,9,$455.79,12.86%,39.13%,47.37%,"$15,509.29",3.78,6,$683.69,"$7,766.75",1.89,
Thursday,"October 23, 2025","$5,134.80","122,581",$41.89,"90,871","2,781",3.06%,$1.85,"1,657",1.82%,$3.10,82,$62.62,84,$61.13,17,$302.05,11,$466.80,64.71%,3,"$1,711.60",3.66%,17.65%,27.27%,"$3,769.00",0.73,7,$733.54,"$15,028.30",2.93,
Friday,"October 24, 2025",$20.92,466,$44.89,443,21,4.74%,$1.00,13,2.93%,$1.61,1,$20.92,0,#DIV/0!,13,$1.61,11,$1.90,84.62%,3,$6.97,300.00%,23.08%,27.27%,"$2,656.41",126.98,,#DIV/0!,,0.00,
Saturday,"October 25, 2025",$0.00,0,#DIV/0!,0,0,#DIV/0!,#DIV/0!,0,#DIV/0!,#DIV/0!,0,#DIV/0!,0,#DIV/0!,4,$0.00,3,$0.00,75.00%,1,$0.00,#DIV/0!,25.00%,33.33%,"$1,745.35",#DIV/0!,,#DIV/0!,,#DIV/0!,
Sunday,"October 26, 2025","$5,531.16","118,900",$46.52,"93,487","2,831",3.03%,$1.95,"1,269",1.36%,$4.36,58,$95.36,69,$80.16,6,$921.86,5,"$1,106.23",83.33%,2,"$2,765.58",3.45%,33.33%,40.00%,"$2,377.00",0.43,3,"$1,843.72","$3,040.38",0.55,
Monday,"October 27, 2025","$6,136.66","147,069",$41.73,"118,456","4,393",3.71%,$1.40,"1,615",1.36%,$3.80,62,$98.98,67,$91.59,17,$360.98,17,$360.98,100.00%,4,"$1,534.17",6.45%,23.53%,23.53%,"$5,183.37",0.84,4,"$1,534.17","$8,487.99",1.38,
Tuesday,"October 28, 2025","$5,083.85","118,917",$42.75,"91,673","2,975",3.25%,$1.71,"1,502",1.64%,$3.38,42,$121.04,39,$130.36,9,$564.87,7,$726.26,77.78%,1,"$5,083.85",2.38%,11.11%,14.29%,"$1,979.51",0.39,5,"$1,016.77","$8,617.19",1.70,
Wednesday,"October 29, 2025","$4,815.24","124,208",$38.77,"94,143","2,782",2.96%,$1.73,"1,450",1.54%,$3.32,53,$90.85,59,$81.61,8,$601.91,8,$601.91,100.00%,4,"$1,203.81",7.55%,50.00%,50.00%,"$8,140.49",1.69,3,"$1,605.08","$3,892.25",0.81,
Thursday,"October 30, 2025","$4,249.33","103,998",$40.86,"79,827","2,154",2.70%,$1.97,"1,283",1.61%,$3.31,59,$72.02,64,$66.40,14,$303.52,9,$472.15,64.29%,3,"$1,416.44",5.08%,21.43%,33.33%,"$4,280.38",1.01,6,$708.22,"$16,292.05",3.83,
Friday,"October 31, 2025",$992.40,"22,909",$43.32,"19,640",463,2.36%,$2.14,293,1.49%,$3.39,22,$45.11,21,$47.26,13,$76.34,10,$99.24,76.92%,6,$165.40,27.27%,46.15%,60.00%,"$15,127.23",15.24,3,$330.80,"$4,327.54",4.36,
Saturday,"November 1, 2025",$508.36,"12,911",$39.37,"11,663",256,2.19%,$1.99,143,1.23%,$3.55,4,$127.09,5,$101.67,5,$101.67,3,$169.45,60.00%,0,#DIV/0!,0.00%,0.00%,0.00%,$0.00,0.00,,#DIV/0!,,0.00,
Sunday,"November 2, 2025","$5,286.88","143,612",$36.81,"118,592","2,713",2.29%,$1.95,"1,472",1.24%,$3.59,83,$63.70,78,$67.78,8,$660.86,6,$881.15,75.00%,1,"$5,286.88",1.20%,12.50%,16.67%,"$1,200.00",0.23,3,"$1,762.29","$3,784.99",0.72,
Monday,"November 3, 2025","$4,803.66","111,677",$43.01,"85,359","2,246",2.63%,$2.14,"1,486",1.74%,$3.23,63,$76.25,75,$64.05,26,$184.76,22,$218.35,84.62%,6,$800.61,9.52%,23.08%,27.27%,"$9,250.64",1.93,6,$800.61,"$9,962.99",2.07,
Tuesday,"November 4, 2025","$3,826.52","92,576",$41.33,"72,359","1,802",2.49%,$2.12,"1,112",1.54%,$3.44,50,$76.53,46,$83.19,10,$382.65,5,$765.30,50.00%,6,$637.75,12.00%,60.00%,120.00%,"$12,096.05",3.16,4,$956.63,"$7,414.34",1.94,
Wednesday,"November 5, 2025","$3,448.18","88,706",$38.87,"69,503","1,501",2.16%,$2.30,931,1.34%,$3.70,53,$65.06,58,$59.45,16,$215.51,11,$313.47,68.75%,4,$862.05,7.55%,25.00%,36.36%,"$5,340.65",1.55,1,"$3,448.18","$2,805.00",0.81,
Thursday,"November 6, 2025","$3,379.36","79,572",$42.47,"61,051","1,442",2.36%,$2.34,924,1.51%,$3.66,54,$62.58,58,$58.26,21,$160.92,16,$211.21,76.19%,1,"$3,379.36",1.85%,4.76%,6.25%,"$5,090.00",1.51,1,"$3,379.36",$800.00,0.24,
Friday,"November 7, 2025","$1,073.67","23,513",$45.66,"19,174",369,1.92%,$2.91,257,1.34%,$4.18,24,$44.74,19,$56.51,9,$119.30,7,$153.38,77.78%,3,$357.89,12.50%,33.33%,42.86%,"$8,283.38",7.72,1,"$1,073.67",$848.38,0.79,
Saturday,"November 8, 2025",$983.70,"20,452",$48.10,"17,270",376,2.18%,$2.62,280,1.62%,$3.51,22,$44.71,22,$44.71,10,$98.37,3,$327.90,30.00%,2,$491.85,9.09%,20.00%,66.67%,"$3,016.00",3.07,,#DIV/0!,,0.00,
Sunday,"November 9, 2025","$4,814.08","114,857",$41.91,"92,831","2,208",2.38%,$2.18,"1,379",1.49%,$3.49,73,$65.95,77,$62.52,14,$343.86,12,$401.17,85.71%,0,#DIV/0!,0.00%,0.00%,0.00%,$0.00,0.00,2,"$2,407.04","$8,233.94",1.71,
Monday,"November 10, 2025","$4,371.88","94,196",$46.41,"78,922","2,264",2.87%,$1.93,"1,730",2.19%,$2.53,44,$99.36,45,$97.15,14,$312.28,12,$364.32,85.71%,4,"$1,092.97",9.09%,28.57%,33.33%,"$5,853.54",1.34,3,"$1,457.29","$6,783.60",1.55,
Tuesday,"November 11, 2025","$4,494.45","83,112",$54.08,"60,543","2,059",3.40%,$2.18,"1,492",2.46%,$3.01,72,$62.42,60,$74.91,11,$408.59,10,$449.45,90.91%,4,"$1,123.61",5.56%,36.36%,40.00%,"$7,544.00",1.68,5,$898.89,"$8,428.36",1.88,
Wednesday,"November 12, 2025","$3,460.59","65,516",$52.82,"46,686","1,613",3.45%,$2.15,"1,154",2.47%,$3.00,38,$91.07,37,$93.53,12,$288.38,10,$346.06,83.33%,5,$692.12,13.16%,41.67%,50.00%,"$14,275.97",4.13,6,$576.77,"$12,296.62",3.55,
Thursday,"November 13, 2025","$2,970.37","57,827",$51.37,"45,133","1,622",3.59%,$1.83,"1,368",3.03%,$2.17,44,$67.51,54,$55.01,23,$129.15,17,$174.73,73.91%,4,$742.59,9.09%,17.39%,23.53%,"$12,303.80",4.14,2,"$1,485.19","$5,896.63",1.99,
Friday,"November 14, 2025","$1,390.96","19,402",$71.69,"14,666",817,5.57%,$1.70,753,5.13%,$1.85,14,$99.35,20,$69.55,12,$115.91,9,$154.55,75.00%,1,"$1,390.96",7.14%,8.33%,11.11%,"$1,000.00",0.72,1,"$1,390.96","$9,690.00",6.97,
Saturday,"November 15, 2025","$1,000.91","13,135",$76.20,"9,453",757,8.01%,$1.32,722,7.64%,$1.39,19,$52.68,22,$45.50,4,$250.23,2,$500.46,50.00%,2,$500.46,10.53%,50.00%,100.00%,"$11,068.38",11.06,,#DIV/0!,,0.00,
Sunday,"November 16, 2025","$3,281.45","62,610",$52.41,"44,542","1,906",4.28%,$1.72,"1,674",3.76%,$1.96,53,$61.91,54,$60.77,6,$546.91,3,"$1,093.82",50.00%,0,#DIV/0!,0.00%,0.00%,0.00%,$0.00,0.00,2,"$1,640.73","$1,950.38",0.59,
Monday,"November 17, 2025","$4,501.43","86,311",$52.15,"61,331","2,735",4.46%,$1.65,"2,364",3.85%,$1.90,50,$90.03,49,$91.87,16,$281.34,13,$346.26,81.25%,3,"$1,500.48",6.00%,18.75%,23.08%,"$2,776.38",0.62,2,"$2,250.72","$2,985.87",0.66,
Tuesday,"November 18, 2025","$4,453.10","84,701",$52.57,"59,128","3,766",6.37%,$1.18,"3,619",6.12%,$1.23,46,$96.81,55,$80.97,25,$178.12,17,$261.95,68.00%,2,"$2,226.55",4.35%,8.00%,11.76%,"$6,038.95",1.36,1,"$4,453.10","$2,895.95",0.65,
Wednesday,"November 19, 2025","$3,514.25","67,631",$51.96,"49,248","2,389",4.85%,$1.47,"2,213",4.49%,$1.59,29,$121.18,36,$97.62,10,$351.43,8,$439.28,80.00%,3,"$1,171.42",10.34%,30.00%,37.50%,"$4,739.21",1.35,2,"$1,757.13","$5,050.47",1.44,
Thursday,"November 20, 2025","$2,901.57","49,990",$58.04,"34,848","1,850",5.31%,$1.57,"1,639",4.70%,$1.77,38,$76.36,34,$85.34,9,$322.40,7,$414.51,77.78%,4,$725.39,10.53%,44.44%,57.14%,"$4,867.38",1.68,5,$580.31,"$9,352.49",3.22,
Friday,"November 21, 2025",$57.87,"1,210",$47.83,"1,068",28,2.62%,$2.07,25,2.34%,$2.31,1,$57.87,2,$28.94,5,$11.57,4,$14.47,80.00%,2,$28.94,200.00%,40.00%,50.00%,"$2,794.00",48.28,1,$57.87,"$1,875.37",32.41,
Saturday,"November 22, 2025",$41.23,"1,107",$37.24,953,48,5.04%,$0.86,40,4.20%,$1.03,3,$13.74,4,$10.31,4,$10.31,3,$13.74,75.00%,1,$41.23,33.33%,25.00%,33.33%,"$2,673.12",64.83,,#DIV/0!,,0.00,
Sunday,"November 23, 2025","$2,571.73","37,401",$68.76,"27,679",916,3.31%,$2.81,669,2.42%,$3.84,44,$58.45,43,$59.81,5,$514.35,5,$514.35,100.00%,0,#DIV/0!,0.00%,0.00%,0.00%,$0.00,0.00,1,"$2,571.73","$8,507.37",3.31,
Monday,"November 24, 2025","$2,523.35","40,021",$63.05,"30,192",731,2.42%,$3.45,451,1.49%,$5.60,27,$93.46,27,$93.46,12,$210.28,11,$229.40,91.67%,2,"$1,261.68",7.41%,16.67%,18.18%,"$3,094.47",1.23,4,$630.84,"$18,190.45",7.21,
Tuesday,"November 25, 2025","$2,916.73","55,395",$52.65,,997,#DIV/0!,$2.93,,#DIV/0!,#DIV/0!,25,$116.67,22,$132.58,6,$486.12,6,$486.12,100.00%,2,"$1,458.37",8.00%,33.33%,33.33%,"$4,951.00",1.70,1,"$2,916.73",$921.00,0.32,
Wednesday,"November 26, 2025",$129.36,"1,918",$67.45,,44,#DIV/0!,$2.94,,#DIV/0!,#DIV/0!,5,$25.87,10,$12.94,4,$32.34,3,$43.12,75.00%,1,$129.36,20.00%,25.00%,33.33%,"$5,186.38",40.09,,#DIV/0!,,0.00,
Thursday,"November 27, 2025",$131.99,"2,124",$62.14,,58,#DIV/0!,$2.28,,#DIV/0!,#DIV/0!,6,$22.00,5,$26.40,3,$44.00,1,$131.99,33.33%,0,#DIV/0!,0.00%,0.00%,0.00%,$0.00,0.00,,#DIV/0!,,0.00,
Friday,"November 28, 2025",$361.07,"5,975",$60.43,,182,#DIV/0!,$1.98,,#DIV/0!,#DIV/0!,3,$120.36,6,$60.18,3,$120.36,1,$361.07,33.33%,0,#DIV/0!,0.00%,0.00%,0.00%,$0.00,0.00,,#DIV/0!,,0.00,
Saturday,"November 29, 2025",$75.84,"1,315",$57.67,,40,#DIV/0!,$1.90,,#DIV/0!,#DIV/0!,4,$18.96,4,$18.96,2,$37.92,0,#DIV/0!,0.00%,1,$75.84,25.00%,50.00%,#DIV/0!,$986.38,13.01,,#DIV/0!,,0.00,
Sunday,"November 30, 2025",$142.52,"2,048",$69.59,,61,#DIV/0!,$2.34,,#DIV/0!,#DIV/0!,8,$17.82,6,$23.75,3,$47.51,2,$71.26,66.67%,0,#DIV/0!,0.00%,0.00%,0.00%,$0.00,0.00,,#DIV/0!,,0.00,
Monday,"December 1, 2025","$4,674.51","80,217",$58.27,,"1,360",#DIV/0!,$3.44,,#DIV/0!,#DIV/0!,45,$103.88,48,$97.39,4,"$1,168.63",3,"$1,558.17",75.00%,3,"$1,558.17",6.67%,75.00%,100.00%,"$4,991.96",1.07,5,$934.90,"$7,689.60",1.65,
Tuesday,"December 2, 2025","$6,001.91","108,898",$55.11,,"2,497",#DIV/0!,$2.40,,#DIV/0!,#DIV/0!,71,$84.53,77,$77.95,16,$375.12,10,$600.19,62.50%,3,"$2,000.64",4.23%,18.75%,30.00%,"$2,676.00",0.45,6,"$1,000.32","$8,794.58",1.47,
Wednesday,"December 3, 2025","$5,244.36","110,746",$47.35,,"2,443",#DIV/0!,$2.15,,#DIV/0!,#DIV/0!,65,$80.68,67,$78.27,21,$249.73,16,$327.77,76.19%,4,"$1,311.09",6.15%,19.05%,25.00%,"$6,512.37",1.24,4,"$1,311.09","$4,414.17",0.84,
Thursday,"December 4, 2025","$5,060.15","116,437",$43.46,,"2,505",#DIV/0!,$2.02,,#DIV/0!,#DIV/0!,53,$95.47,62,$81.62,15,$337.34,7,$722.88,46.67%,5,"$1,012.03",9.43%,33.33%,71.43%,"$7,889.90",1.56,2,"$2,530.08","$5,408.00",1.07,
Friday,"December 5, 2025",$259.27,"3,837",$67.57,,103,#DIV/0!,$2.52,,#DIV/0!,#DIV/0!,6,$43.21,6,$43.21,12,$21.61,9,$28.81,75.00%,4,$64.82,66.67%,33.33%,44.44%,"$5,432.76",20.95,1,$259.27,"$1,285.00",4.96,
Saturday,"December 6, 2025",$218.92,"3,508",$62.41,,90,#DIV/0!,$2.43,,#DIV/0!,#DIV/0!,11,$19.90,12,$18.24,4,$54.73,4,$54.73,100.00%,1,$218.92,9.09%,25.00%,25.00%,"$1,100.00",5.02,,#DIV/0!,,0.00,
Sunday,"December 7, 2025","$2,957.87","52,738",$56.09,,"1,287",#DIV/0!,$2.30,,#DIV/0!,#DIV/0!,43,$68.79,43,$68.79,5,$591.57,3,$985.96,60.00%,1,"$2,957.87",2.33%,20.00%,33.33%,$952.00,0.32,2,"$1,478.94","$3,266.17",1.10,
Monday,"December 8, 2025","$3,363.22","61,408",$54.77,,"1,260",#DIV/0!,$2.67,,#DIV/0!,#DIV/0!,40,$84.08,40,$84.08,4,$840.81,2,"$1,681.61",50.00%,4,$840.81,10.00%,100.00%,200.00%,"$4,895.41",1.46,5,$672.64,"$10,149.03",3.02,
Tuesday,"December 9, 2025","$3,402.39","64,068",$53.11,,"1,313",#DIV/0!,$2.59,,#DIV/0!,#DIV/0!,37,$91.96,39,$87.24,20,$170.12,17,$200.14,85.00%,5,$680.48,13.51%,25.00%,29.41%,"$7,681.55",2.26,1,"$3,402.39","$2,445.00",0.72,
Wednesday,"December 10, 2025","$3,290.86","61,424",$53.58,,"1,203",#DIV/0!,$2.74,,#DIV/0!,#DIV/0!,39,$84.38,40,$82.27,10,$329.09,6,$548.48,60.00%,2,"$1,645.43",5.13%,20.00%,33.33%,"$2,573.17",0.78,1,"$3,290.86","$2,528.78",0.77,
Thursday,"December 11, 2025","$3,026.10","58,594",$51.65,,"1,135",#DIV/0!,$2.67,,#DIV/0!,#DIV/0!,28,$108.08,35,$86.46,9,$336.23,7,$432.30,77.78%,5,$605.22,17.86%,55.56%,71.43%,"$8,483.58",2.80,5,$605.22,"$9,001.17",2.97,
Friday,"December 12, 2025",$158.73,"2,078",$76.39,,56,#DIV/0!,$2.83,,#DIV/0!,#DIV/0!,7,$22.68,6,$26.46,8,$19.84,7,$22.68,87.50%,2,$79.37,28.57%,25.00%,28.57%,"$3,916.01",24.67,,#DIV/0!,,0.00,
Saturday,"December 13, 2025",$146.49,"2,234",$65.57,,70,#DIV/0!,$2.09,,#DIV/0!,#DIV/0!,4,$36.62,5,$29.30,6,$24.42,3,$48.83,50.00%,0,#DIV/0!,0.00%,0.00%,0.00%,$0.00,0.00,1,$146.49,$501.88,3.43,
Sunday,"December 14, 2025","$3,094.66","53,273",$58.09,,"1,138",#DIV/0!,$2.72,,#DIV/0!,#DIV/0!,43,$71.97,46,$67.28,2,"$1,547.33",2,"$1,547.33",100.00%,0,#DIV/0!,0.00%,0.00%,0.00%,$0.00,0.00,,#DIV/0!,,0.00,
Monday,"December 15, 2025","$3,158.64","59,974",$52.67,,"1,226",#DIV/0!,$2.58,,#DIV/0!,#DIV/0!,52,$60.74,55,$57.43,19,$166.24,15,$210.58,78.95%,1,"$3,158.64",1.92%,5.26%,6.67%,"$1,727.75",0.55,2,"$1,579.32","$3,227.75",1.02,
Tuesday,"December 16, 2025","$3,115.45","54,716",$56.94,,"1,072",#DIV/0!,$2.91,,#DIV/0!,#DIV/0!,38,$81.99,41,$75.99,9,$346.16,6,$519.24,66.67%,5,$623.09,13.16%,55.56%,83.33%,"$7,975.96",2.56,3,"$1,038.48","$5,956.58",1.91,
Wednesday,"December 17, 2025","$3,051.83","53,417",$57.13,,"1,083",#DIV/0!,$2.82,,#DIV/0!,#DIV/0!,31,$98.45,33,$92.48,11,$277.44,9,$339.09,81.82%,0,#DIV/0!,0.00%,0.00%,0.00%,$0.00,0.00,1,"$3,051.83","$1,650.00",0.54,
Thursday,"December 18, 2025","$2,951.00","52,554",$56.15,,951,#DIV/0!,$3.10,,#DIV/0!,#DIV/0!,26,$113.50,30,$98.37,9,$327.89,7,$421.57,77.78%,3,$983.67,11.54%,33.33%,42.86%,"$3,120.68",1.06,4,$737.75,"$4,070.68",1.38,
Friday,"December 19, 2025",$180.88,"2,257",$80.14,,57,#DIV/0!,$3.17,,#DIV/0!,#DIV/0!,3,$60.29,4,$45.22,9,$20.10,5,$36.18,55.56%,0,#DIV/0!,0.00%,0.00%,0.00%,$0.00,0.00,,#DIV/0!,,0.00,
Saturday,"December 20, 2025",$135.53,"2,268",$59.76,,62,#DIV/0!,$2.19,,#DIV/0!,#DIV/0!,6,$22.59,5,$27.11,2,$67.77,2,$67.77,100.00%,0,#DIV/0!,0.00%,0.00%,0.00%,$0.00,0.00,,#DIV/0!,,0.00,
Sunday,"December 21, 2025",$191.73,"2,978",$64.38,,76,#DIV/0!,$2.52,,#DIV/0!,#DIV/0!,5,$38.35,5,$38.35,0,#DIV/0!,0,#DIV/0!,#DIV/0!,0,#DIV/0!,0.00%,#DIV/0!,#DIV/0!,$0.00,0.00,,#DIV/0!,,0.00,
Monday,"December 22, 2025",$167.07,"2,776",$60.18,"1,988",91,4.58%,$1.84,,0.00%,#DIV/0!,9,$18.56,8,$20.88,3,$55.69,2,$83.54,66.67%,1,$167.07,11.11%,33.33%,50.00%,$736.38,4.41,1,$167.07,$736.38,4.41,
Tuesday,"December 23, 2025",$150.01,"2,527",$59.36,"1,855",55,2.96%,$2.73,,0.00%,#DIV/0!,3,$50.00,5,$30.00,5,$30.00,4,$37.50,80.00%,1,$150.01,33.33%,20.00%,25.00%,$600.00,4.00,,#DIV/0!,,0.00,
Wednesday,"December 24, 2025",$158.55,"2,605",$60.86,"1,845",78,4.23%,$2.03,,0.00%,#DIV/0!,7,$22.65,5,$31.71,1,$158.55,1,$158.55,100.00%,0,#DIV/0!,0.00%,0.00%,0.00%,,0.00,,#DIV/0!,,0.00,
Thursday,"December 25, 2025",$159.96,"3,088",$51.80,"2,214",74,3.34%,$2.16,,0.00%,#DIV/0!,10,$16.00,10,$16.00,2,$79.98,1,$159.96,50.00%,0,#DIV/0!,0.00%,0.00%,0.00%,,0.00,,#DIV/0!,,0.00,
Friday,"December 26, 2025",$146.70,"2,886",$50.83,"2,132",83,3.89%,$1.77,,0.00%,#DIV/0!,7,$20.96,8,$18.34,3,$48.90,1,$146.70,33.33%,0,#DIV/0!,0.00%,0.00%,0.00%,,0.00,,#DIV/0!,,0.00,
Saturday,"December 27, 2025",$121.56,"2,533",$47.99,"1,913",68,3.55%,$1.79,,0.00%,#DIV/0!,7,$17.37,7,$17.37,3,$40.52,0,#DIV/0!,0.00%,1,$121.56,14.29%,33.33%,#DIV/0!,"$1,481.94",12.19,1,$121.56,"$1,481.94",12.19,
Sunday,"December 28, 2025",$200.91,"4,016",$50.03,"2,878",102,3.54%,$1.97,,0.00%,#DIV/0!,6,$33.49,7,$28.70,1,$200.91,1,$200.91,100.00%,0,#DIV/0!,0.00%,0.00%,0.00%,,0.00,,#DIV/0!,,0.00,
Monday,"December 29, 2025",$168.13,"3,478",$48.34,"2,595",79,3.04%,$2.13,,0.00%,#DIV/0!,4,$42.03,4,$42.03,1,$168.13,0,#DIV/0!,0.00%,1,$168.13,25.00%,100.00%,#DIV/0!,"$2,272.00",13.51,,#DIV/0!,,0.00,
Tuesday,"December 30, 2025",$163.79,"3,222",$50.83,"2,298",89,3.87%,$1.84,,0.00%,#DIV/0!,6,$27.30,6,$27.30,4,$40.95,2,$81.90,50.00%,2,$81.90,33.33%,50.00%,100.00%,"$2,522.23",15.40,1,$163.79,"$1,494.23",9.12,
Wednesday,"December 31, 2025",$145.34,"3,007",$48.33,"2,297",80,#DIV/0!,#DIV/0!,,#DIV/0!,#DIV/0!,6,$24.22,3,$48.45,3,$48.45,0,#DIV/0!,0.00%,0,#DIV/0!,0.00%,0.00%,#DIV/0!,,0.00,,#DIV/0!,,0.00,
Thursday,"January 1, 2026",$158.33,"3,643",$43.46,"2,663",91,#DIV/0!,#DIV/0!,,#DIV/0!,#DIV/0!,15,$10.56,11,$14.39,1,$158.33,1,$158.33,100.00%,0,#DIV/0!,0.00%,0.00%,0.00%,,0.00,,#DIV/0!,,0.00,
Friday,"January 2, 2026",$137.01,"3,076",$44.54,"2,266",83,#DIV/0!,#DIV/0!,,#DIV/0!,#DIV/0!,8,$17.13,11,$12.46,1,$137.01,0,#DIV/0!,0.00%,1,$137.01,12.50%,100.00%,#DIV/0!,$986.38,7.20,1,$137.01,"$1,546.38",11.29,
Saturday,"January 3, 2026",$121.06,"3,120",$38.80,"2,277",80,#DIV/0!,#DIV/0!,,#DIV/0!,#DIV/0!,9,$13.45,12,$10.09,3,$40.35,2,$60.53,66.67%,0,#DIV/0!,0.00%,0.00%,0.00%,,0.00,2,$60.53,"$4,130.54",34.12,
Sunday,"January 4, 2026","$2,721.46","75,088",$36.24,"49,621","1,429",#DIV/0!,#DIV/0!,,#DIV/0!,#DIV/0!,86,$31.64,89,$30.58,8,$340.18,6,$453.58,75.00%,0,#DIV/0!,0.00%,0.00%,0.00%,,0.00,2,"$1,360.73","$3,653.36",1.34,
Monday,"January 5, 2026","$3,680.65","127,499",$28.87,"89,998","2,355",#DIV/0!,#DIV/0!,,#DIV/0!,#DIV/0!,74,$49.74,84,$43.82,25,$147.23,16,$230.04,64.00%,7,$525.81,9.46%,28.00%,43.75%,"$13,701.45",3.72,6,$613.44,"$10,000.10",2.72,
Tuesday,"January 6, 2026","$3,655.04","114,865",$31.82,"84,066","2,056",#DIV/0!,#DIV/0!,,#DIV/0!,#DIV/0!,65,$56.23,64,$57.11,18,$203.06,16,$228.44,88.89%,5,$731.01,7.69%,27.78%,31.25%,"$9,081.14",2.48,6,$609.17,"$8,465.21",2.32,
Wednesday,"January 7, 2026","$3,576.86","108,296",$33.03,"80,790","1,887",#DIV/0!,#DIV/0!,,#DIV/0!,#DIV/0!,55,$65.03,64,$55.89,26,$137.57,13,$275.14,50.00%,10,$357.69,18.18%,38.46%,76.92%,"$13,804.36",3.86,4,$894.22,"$5,687.00",1.59,
Thursday,"January 8, 2026","$2,967.58","83,169",$35.68,"70,257","1,428",#DIV/0!,#DIV/0!,,#DIV/0!,#DIV/0!,47,$63.14,45,$65.95,19,$156.19,8,$370.95,42.11%,5,$593.52,10.64%,26.32%,62.50%,"$10,059.68",3.39,6,$494.60,"$11,571.29",3.90,
Friday,"January 9, 2026",$160.30,"2,301",$69.67,"1,862",59,#DIV/0!,#DIV/0!,,#DIV/0!,#DIV/0!,2,$80.15,4,$40.08,14,$11.45,11,$14.57,78.57%,0,#DIV/0!,0.00%,0.00%,0.00%,,0.00,,#DIV/0!,,0.00,
Saturday,"January 10, 2026",$131.06,"2,674",$49.01,"2,284",70,#DIV/0!,#DIV/0!,,#DIV/0!,#DIV/0!,7,$18.72,5,$26.21,3,$43.69,2,$65.53,66.67%,0,#DIV/0!,0.00%,0.00%,0.00%,,0.00,1,$131.06,$836.38,6.38,
Sunday,"January 11, 2026","$4,207.43","80,359",$52.36,"49,632","1,573",#DIV/0!,#DIV/0!,,#DIV/0!,#DIV/0!,88,$47.81,79,$53.26,12,$350.62,7,$601.06,58.33%,1,"$4,207.43",1.14%,8.33%,14.29%,"$3,520.00",0.84,5,$841.49,"$10,244.34",2.43,
Monday,"January 12, 2026","$5,280.74","118,295",$44.64,"79,974","2,120",#DIV/0!,#DIV/0!,,#DIV/0!,#DIV/0!,87,$60.70,88,$60.01,22,$240.03,18,$293.37,81.82%,10,$528.07,11.49%,45.45%,55.56%,"$12,547.24",2.38,5,"$1,056.15","$6,779.37",1.28,
Tuesday,"January 13, 2026","$5,236.68","133,124",$39.34,"95,008","2,220",#DIV/0!,#DIV/0!,,#DIV/0!,#DIV/0!,79,$66.29,86,$60.89,26,$201.41,18,$290.93,69.23%,7,$748.10,8.86%,26.92%,38.89%,"$8,981.68",1.72,7,$748.10,"$10,321.76",1.97,
Wednesday,"January 14, 2026","$4,769.89","104,660",$45.58,"76,779","1,985",#DIV/0!,#DIV/0!,,#DIV/0!,#DIV/0!,76,$62.76,82,$58.17,20,$238.49,15,$317.99,75.00%,6,$794.98,7.89%,30.00%,40.00%,"$9,771.38",2.05,4,"$1,192.47","$9,077.39",1.90,
Thursday,"January 15, 2026","$4,409.01","103,637",$42.54,"74,966","1,896",#DIV/0!,#DIV/0!,,#DIV/0!,#DIV/0!,53,$83.19,55,$80.16,20,$220.45,16,$275.56,80.00%,6,$734.84,11.32%,30.00%,37.50%,"$12,108.69",2.75,7,$629.86,"$13,495.69",3.06,
Friday,"January 16, 2026","$2,965.57","62,373",$47.55,"48,202","1,189",#DIV/0!,#DIV/0!,,#DIV/0!,#DIV/0!,45,$65.90,54,$54.92,22,$134.80,17,$174.45,77.27%,3,$988.52,6.67%,13.64%,17.65%,"$2,356.00",0.79,2,"$1,482.79","$2,107.35",0.71,
Saturday,"January 17, 2026",$220.57,"4,092",$53.90,"3,221",120,#DIV/0!,#DIV/0!,,#DIV/0!,#DIV/0!,13,$16.97,13,$16.97,9,$24.51,6,$36.76,66.67%,0,#DIV/0!,0.00%,0.00%,0.00%,,0.00,1,$220.57,"$1,536.00",6.96,
Sunday,"January 18, 2026","$5,235.25","119,666",$43.75,"79,258","2,468",#DIV/0!,#DIV/0!,,#DIV/0!,#DIV/0!,111,$47.16,93,$56.29,7,$747.89,4,"$1,308.81",57.14%,0,#DIV/0!,0.00%,0.00%,0.00%,,0.00,2,"$2,617.63","$5,566.29",1.06,
Monday,"January 19, 2026","$6,462.27","165,414",$39.07,"116,368","3,307",#DIV/0!,#DIV/0!,,#DIV/0!,#DIV/0!,147,$43.96,151,$42.80,8,$807.78,4,"$1,615.57",50.00%,1,"$6,462.27",0.68%,12.50%,25.00%,$936.00,0.14,7,$923.18,"$12,123.66",1.88,
Tuesday,"January 20, 2026","$5,792.41","157,354",$36.81,"115,935","3,141",#DIV/0!,#DIV/0!,,#DIV/0!,#DIV/0!,116,$49.93,110,$52.66,24,$241.35,17,$340.73,70.83%,9,$643.60,7.76%,37.50%,52.94%,"$10,510.64",1.81,10,$579.24,"$12,215.12",2.11,
Wednesday,"January 21, 2026","$5,581.84","137,093",$40.72,"107,349","2,870",#DIV/0!,#DIV/0!,,#DIV/0!,#DIV/0!,101,$55.27,105,$53.16,30,$186.06,20,$279.09,66.67%,6,$930.31,5.94%,20.00%,30.00%,"$8,989.01",1.61,7,$797.41,"$8,767.30",1.57,
Thursday,"January 22, 2026","$4,406.51","107,819",$40.87,"85,487","2,155",#DIV/0!,#DIV/0!,,#DIV/0!,#DIV/0!,67,$65.77,68,$64.80,21,$209.83,16,$275.41,76.19%,5,$881.30,7.46%,23.81%,31.25%,"$7,324.10",1.66,2,"$2,203.26","$1,910.00",0.43,
Friday,"January 23, 2026","$3,009.34","70,794",$42.51,"56,778","1,481",#DIV/0!,#DIV/0!,,#DIV/0!,#DIV/0!,37,$81.33,48,$62.69,13,$231.49,7,$429.91,53.85%,4,$752.34,10.81%,30.77%,57.14%,"$9,592.46",3.19,2,"$1,504.67","$5,408.07",1.80,
Saturday,"January 24, 2026",$229.63,"4,884",$47.02,"4,089",126,#DIV/0!,#DIV/0!,,#DIV/0!,#DIV/0!,9,$25.51,11,$20.88,8,$28.70,8,$28.70,100.00%,1,$229.63,11.11%,12.50%,12.50%,$600.00,2.61,,#DIV/0!,,0.00,
Sunday,"January 25, 2026","$3,189.34","73,570",$43.35,"49,128","1,851",#DIV/0!,#DIV/0!,,#DIV/0!,#DIV/0!,72,$44.30,69,$46.22,8,$398.67,6,$531.56,75.00%,0,#DIV/0!,0.00%,0.00%,0.00%,,0.00,4,$797.34,"$5,295.36",1.66,
Monday,"January 26, 2026","$6,658.33","171,434",$38.84,"119,049","4,454",#DIV/0!,#DIV/0!,,#DIV/0!,#DIV/0!,103,$64.64,123,$54.13,24,$277.43,16,$416.15,66.67%,3,"$2,219.44",2.91%,12.50%,18.75%,"$4,645.68",0.70,5,"$1,331.67","$6,865.68",1.03,
Tuesday,"January 27, 2026","$6,882.83","157,115",$43.81,"109,962","4,527",#DIV/0!,#DIV/0!,,#DIV/0!,#DIV/0!,112,$61.45,109,$63.15,21,$327.75,15,$458.86,71.43%,4,"$1,720.71",3.57%,19.05%,26.67%,"$3,289.38",0.48,1,"$6,882.83",$668.00,0.10,
Wednesday,"January 28, 2026","$7,022.99","162,275",$43.28,"111,308","6,035",#DIV/0!,#DIV/0!,,#DIV/0!,#DIV/0!,97,$72.40,104,$67.53,18,$390.17,12,$585.25,66.67%,8,$877.87,8.25%,44.44%,66.67%,"$12,009.91",1.71,11,$638.45,"$17,542.56",2.50,
Thursday,"January 29, 2026","$6,187.89","169,396",$36.53,"111,127","5,717",#DIV/0!,#DIV/0!,,#DIV/0!,#DIV/0!,77,$80.36,86,$71.95,14,$441.99,10,$618.79,71.43%,7,$883.98,9.09%,50.00%,70.00%,"$12,713.44",2.05,8,$773.49,"$11,289.32",1.82,
Friday,"January 30, 2026","$3,647.15","89,464",$40.77,"61,856","4,240",#DIV/0!,#DIV/0!,,#DIV/0!,#DIV/0!,52,$70.14,54,$67.54,25,$145.89,15,$243.14,60.00%,9,$405.24,17.31%,36.00%,60.00%,"$10,488.23",2.88,5,$729.43,"$7,211.80",1.98,
Saturday,"January 31, 2026",$269.94,"6,756",$39.96,"5,527",265,#DIV/0!,#DIV/0!,,#DIV/0!,#DIV/0!,7,$38.56,13,$20.76,3,$89.98,3,$89.98,100.00%,1,$269.94,14.29%,33.33%,33.33%,"$1,386.00",5.13,1,$269.94,"$3,329.93",12.34,
Sunday,"February 1, 2026","$3,049.75","72,845",$41.87,"45,283","9,369",#DIV/0!,#DIV/0!,,#DIV/0!,#DIV/0!,54,$56.48,57,$53.50,9,$338.86,6,$508.29,66.67%,2,"$1,524.88",3.70%,22.22%,33.33%,"$3,147.00",1.03,7,$435.68,"$8,563.00",2.81,
Monday,"February 2, 2026","$6,345.02","183,483",$34.58,"117,065","22,043",#DIV/0!,#DIV/0!,,#DIV/0!,#DIV/0!,68,$93.31,74,$85.74,29,$218.79,13,$488.08,44.83%,4,"$1,586.26",5.88%,13.79%,30.77%,"$4,732.00",0.75,4,"$1,586.26","$5,203.00",0.82,
Tuesday,"February 3, 2026","$6,238.56","187,604",$33.25,"129,442","17,312",#DIV/0!,#DIV/0!,,#DIV/0!,#DIV/0!,80,$77.98,94,$66.37,21,$297.07,8,$779.82,38.10%,7,$891.22,8.75%,33.33%,87.50%,"$10,994.00",1.76,6,"$1,039.76","$12,112.95",1.94,
Wednesday,"February 4, 2026","$6,505.81","185,964",$34.98,"114,989","21,643",#DIV/0!,#DIV/0!,,#DIV/0!,#DIV/0!,71,$91.63,78,$83.41,28,$232.35,16,$406.61,57.14%,2,"$3,252.91",2.82%,7.14%,12.50%,"$3,271.38",0.50,3,"$2,168.60","$6,146.16",0.94,
Thursday,"February 5, 2026","$6,228.55","177,008",$35.19,"122,884","4,673",#DIV/0!,#DIV/0!,,#DIV/0!,#DIV/0!,63,$98.87,74,$84.17,26,$239.56,19,$327.82,73.08%,9,$692.06,14.29%,34.62%,47.37%,"$16,423.15",2.64,9,$692.06,"$12,117.10",1.95,
Friday,"February 6, 2026","$4,423.69","134,425",$32.91,"100,854","3,286",#DIV/0!,#DIV/0!,,#DIV/0!,#DIV/0!,31,$142.70,48,$92.16,22,$201.08,14,$315.98,63.64%,4,"$1,105.92",12.90%,18.18%,28.57%,"$5,550.89",1.25,3,"$1,474.56","$3,886.00",0.88,
Saturday,"February 7, 2026",$240.95,"7,033",$34.26,"6,145",158,#DIV/0!,#DIV/0!,,#DIV/0!,#DIV/0!,8,$30.12,10,$24.10,9,$26.77,6,$40.16,66.67%,1,$240.95,12.50%,11.11%,16.67%,"$1,592.00",6.61,,#DIV/0!,,0.00,
Sunday,"February 8, 2026","$5,566.63","159,793",$34.84,"108,670","3,733",#DIV/0!,#DIV/0!,,#DIV/0!,#DIV/0!,76,$73.25,75,$74.22,15,$371.11,11,$506.06,73.33%,2,"$2,783.32",2.63%,13.33%,18.18%,"$2,300.00",0.41,7,$795.23,"$7,279.12",1.31,
Monday,"February 9, 2026","$5,883.30","183,734",$32.02,"129,007","4,355",#DIV/0!,#DIV/0!,,#DIV/0!,#DIV/0!,58,$101.44,61,$96.45,25,$235.33,17,$346.08,68.00%,6,$980.55,10.34%,24.00%,35.29%,"$7,322.75",1.24,8,$735.41,"$13,214.43",2.25,
Tuesday,"February 10, 2026","$6,178.24","160,304",$38.54,"116,137","3,779",#DIV/0!,#DIV/0!,,#DIV/0!,#DIV/0!,64,$96.54,77,$80.24,24,$257.43,12,$514.85,50.00%,10,$617.82,15.63%,41.67%,83.33%,"$17,371.19",2.81,7,$882.61,"$10,415.91",1.69,
Wednesday,"February 11, 2026","$6,160.44","172,645",$35.68,"121,137","3,636",#DIV/0!,#DIV/0!,,#DIV/0!,#DIV/0!,75,$82.14,84,$73.34,22,$280.02,13,$473.88,59.09%,9,$684.49,12.00%,40.91%,69.23%,"$11,315.78",1.84,8,$770.06,"$10,199.00",1.66,
Thursday,"February 12, 2026","$5,594.54","170,627",$32.79,"121,594","3,455",#DIV/0!,#DIV/0!,,#DIV/0!,#DIV/0!,54,$103.60,65,$86.07,39,$143.45,21,$266.41,53.85%,9,$621.62,16.67%,23.08%,42.86%,"$10,918.34",1.95,4,"$1,398.64","$6,380.70",1.14,
Friday,"February 13, 2026","$4,695.16","148,389",$31.64,"106,399","2,737",#DIV/0!,#DIV/0!,,#DIV/0!,#DIV/0!,45,$104.34,48,$97.82,24,$195.63,11,$426.83,45.83%,5,$939.03,11.11%,20.83%,45.45%,"$6,611.51",1.41,3,"$1,565.05","$4,450.51",0.95,
Saturday,"February 14, 2026","$5,023.42","161,789",$31.05,"108,415","3,032",#DIV/0!,#DIV/0!,,#DIV/0!,#DIV/0!,71,$70.75,78,$64.40,19,$264.39,3,"$1,674.47",15.79%,2,"$2,511.71",2.82%,10.53%,66.67%,"$4,135.56",0.82,4,"$1,255.86","$5,959.38",1.19,
Sunday,"February 15, 2026","$8,263.50","286,084",$28.88,"195,763","4,754",#DIV/0!,#DIV/0!,,#DIV/0!,#DIV/0!,86,$96.09,99,$83.47,31,$266.56,22,$375.61,70.97%,2,"$4,131.75",2.33%,6.45%,9.09%,"$4,804.00",0.58,2,"$4,131.75","$3,284.92",0.40,
Monday,"February 16, 2026","$7,215.72","226,905",$31.80,"159,301","3,704",#DIV/0!,#DIV/0!,,#DIV/0!,#DIV/0!,76,$94.94,87,$82.94,30,$240.52,18,$400.87,60.00%,8,$901.97,10.53%,26.67%,44.44%,"$16,466.81",2.28,2,"$3,607.86","$4,281.48",0.59,
Tuesday,"February 17, 2026","$6,275.57","210,857",$29.76,"133,629","3,527",#DIV/0!,#DIV/0!,,#DIV/0!,#DIV/0!,54,$116.21,72,$87.16,26,$241.37,12,$522.96,46.15%,8,$784.45,14.81%,30.77%,66.67%,"$13,717.30",2.19,5,"$1,255.11","$11,943.35",1.90,
Wednesday,"February 18, 2026","$7,138.95","239,932",$29.75,"158,897","3,802",#DIV/0!,#DIV/0!,,#DIV/0!,#DIV/0!,66,$108.17,81,$88.14,36,$198.30,21,$339.95,58.33%,9,$793.22,13.64%,25.00%,42.86%,"$15,370.29",2.15,5,"$1,427.79","$12,033.50",1.69,
Thursday,"February 19, 2026","$7,713.45","248,819",$31.00,"163,634","3,893",#DIV/0!,#DIV/0!,,#DIV/0!,#DIV/0!,82,$94.07,80,$96.42,18,$428.53,9,$857.05,50.00%,3,"$2,571.15",3.66%,16.67%,33.33%,"$9,195.26",1.19,4,"$1,928.36","$6,845.00",0.89,
Friday,"February 20, 2026","$6,116.56","181,322",$33.73,"121,362","3,152",#DIV/0!,#DIV/0!,,#DIV/0!,#DIV/0!,68,$89.95,83,$73.69,24,$254.86,10,$611.66,41.67%,7,$873.79,10.29%,29.17%,70.00%,"$10,958.00",1.79,4,"$1,529.14","$4,392.00",0.72,
Saturday,"February 21, 2026","$4,816.45","136,007",$35.41,"94,678","2,225",#DIV/0!,#DIV/0!,,#DIV/0!,#DIV/0!,62,$77.68,72,$66.90,29,$166.08,15,$321.10,51.72%,5,$963.29,8.06%,17.24%,33.33%,"$9,129.69",1.90,5,$963.29,"$13,049.79",2.71,
Sunday,"February 22, 2026","$5,520.50","157,262",$35.10,"110,538","2,730",#DIV/0!,#DIV/0!,,#DIV/0!,#DIV/0!,84,$65.72,93,$59.36,25,$220.82,11,$501.86,44.00%,5,"$1,104.10",5.95%,20.00%,45.45%,"$12,754.14",2.31,6,$920.08,"$10,353.49",1.88,
Monday,"February 23, 2026","$9,847.03","300,317",$32.79,"195,459","8,774",#DIV/0!,#DIV/0!,,#DIV/0!,#DIV/0!,96,$102.57,111,$88.71,32,$307.72,19,$518.26,59.38%,9,"$1,094.11",9.38%,28.13%,47.37%,"$14,802.34",1.50,7,"$1,406.72","$11,539.11",1.17,
Tuesday,"February 24, 2026","$9,012.61","226,711",$39.75,"155,363","4,088",#DIV/0!,#DIV/0!,,#DIV/0!,#DIV/0!,91,$99.04,103,$87.50,34,$265.08,16,$563.29,47.06%,5,"$1,802.52",5.49%,14.71%,31.25%,"$14,104.86",1.57,5,"$1,802.52","$16,862.83",1.87,
Wednesday,"February 25, 2026","$9,771.14","215,755",$45.29,"143,842","6,422",#DIV/0!,#DIV/0!,,#DIV/0!,#DIV/0!,78,$125.27,95,$102.85,36,$271.42,24,$407.13,66.67%,8,"$1,221.39",10.26%,22.22%,33.33%,"$16,631.14",1.70,3,"$3,257.05","$3,233.13",0.33,
Thursday,"February 26, 2026","$9,305.11","233,922",$39.78,"159,516","4,982",#DIV/0!,#DIV/0!,,#DIV/0!,#DIV/0!,94,$98.99,105,$88.62,34,$273.68,20,$465.26,58.82%,9,"$1,033.90",9.57%,26.47%,45.00%,"$10,779.48",1.16,8,"$1,163.14","$16,367.01",1.76,
Friday,"February 27, 2026","$9,555.59","231,652",$41.25,"161,260","4,822",#DIV/0!,#DIV/0!,,#DIV/0!,#DIV/0!,59,$161.96,60,$159.26,28,$341.27,13,$735.05,46.43%,1,"$9,555.59",1.69%,3.57%,7.69%,"$3,021.00",0.32,2,"$4,777.80","$2,272.00",0.24,
Saturday,"February 28, 2026","$5,865.01","165,919",$35.35,"116,375","2,975",#DIV/0!,#DIV/0!,,#DIV/0!,#DIV/0!,58,$101.12,85,$69.00,26,$225.58,8,$733.13,30.77%,3,"$1,955.00",5.17%,11.54%,37.50%,"$3,160.13",0.54,1,"$5,865.01",$888.13,0.15,
Sunday,"March 1, 2026","$11,235.24","351,552",$31.96,"221,063","6,640",#DIV/0!,#DIV/0!,,#DIV/0!,#DIV/0!,111,$101.22,128,$87.78,34,$330.45,15,$749.02,44.12%,2,"$5,617.62",1.80%,5.88%,13.33%,"$2,540.22",0.23,6,"$1,872.54","$8,124.85",0.72,
Monday,"March 2, 2026","$11,447.86","359,152",$31.87,"249,186","5,839",#DIV/0!,#DIV/0!,,#DIV/0!,#DIV/0!,106,$108.00,120,$95.40,48,$238.50,18,$635.99,37.50%,15,$763.19,14.15%,31.25%,83.33%,"$26,274.63",2.30,8,"$1,430.98","$11,248.11",0.98,
Tuesday,"March 3, 2026",,,#DIV/0!,,,#DIV/0!,#DIV/0!,,#DIV/0!,#DIV/0!,,#DIV/0!,,#DIV/0!,,#DIV/0!,,#DIV/0!,#DIV/0!,,#DIV/0!,#DIV/0!,#DIV/0!,#DIV/0!,,#DIV/0!,,#DIV/0!,,#DIV/0!,
Wednesday,"March 4, 2026",,,#DIV/0!,,,#DIV/0!,#DIV/0!,,#DIV/0!,#DIV/0!,,#DIV/0!,,#DIV/0!,,#DIV/0!,,#DIV/0!,#DIV/0!,,#DIV/0!,#DIV/0!,#DIV/0!,#DIV/0!,,#DIV/0!,,#DIV/0!,,#DIV/0!,
Thursday,"March 5, 2026",,,#DIV/0!,,,#DIV/0!,#DIV/0!,,#DIV/0!,#DIV/0!,,#DIV/0!,,#DIV/0!,,#DIV/0!,,#DIV/0!,#DIV/0!,,#DIV/0!,#DIV/0!,#DIV/0!,#DIV/0!,,#DIV/0!,,#DIV/0!,,#DIV/0!,
Friday,"March 6, 2026",,,#DIV/0!,,,#DIV/0!,#DIV/0!,,#DIV/0!,#DIV/0!,,#DIV/0!,,#DIV/0!,,#DIV/0!,,#DIV/0!,#DIV/0!,,#DIV/0!,#DIV/0!,#DIV/0!,#DIV/0!,,#DIV/0!,,#DIV/0!,,#DIV/0!,
Saturday,"March 7, 2026",,,#DIV/0!,,,#DIV/0!,#DIV/0!,,#DIV/0!,#DIV/0!,,#DIV/0!,,#DIV/0!,,#DIV/0!,,#DIV/0!,#DIV/0!,,#DIV/0!,#DIV/0!,#DIV/0!,#DIV/0!,,#DIV/0!,,#DIV/0!,,#DIV/0!,
Sunday,"March 8, 2026",,,#DIV/0!,,,#DIV/0!,#DIV/0!,,#DIV/0!,#DIV/0!,,#DIV/0!,,#DIV/0!,,#DIV/0!,,#DIV/0!,#DIV/0!,,#DIV/0!,#DIV/0!,#DIV/0!,#DIV/0!,,#DIV/0!,,#DIV/0!,,#DIV/0!,
Monday,"March 9, 2026",,,#DIV/0!,,,#DIV/0!,#DIV/0!,,#DIV/0!,#DIV/0!,,#DIV/0!,,#DIV/0!,,#DIV/0!,,#DIV/0!,#DIV/0!,,#DIV/0!,#DIV/0!,#DIV/0!,#DIV/0!,,#DIV/0!,,#DIV/0!,,#DIV/0!,
Tuesday,"March 10, 2026",,,#DIV/0!,,,#DIV/0!,#DIV/0!,,#DIV/0!,#DIV/0!,,#DIV/0!,,#DIV/0!,,#DIV/0!,,#DIV/0!,#DIV/0!,,#DIV/0!,#DIV/0!,#DIV/0!,#DIV/0!,,#DIV/0!,,#DIV/0!,,#DIV/0!,
Wednesday,"March 11, 2026",,,#DIV/0!,,,#DIV/0!,#DIV/0!,,#DIV/0!,#DIV/0!,,#DIV/0!,,#DIV/0!,,#DIV/0!,,#DIV/0!,#DIV/0!,,#DIV/0!,#DIV/0!,#DIV/0!,#DIV/0!,,#DIV/0!,,#DIV/0!,,#DIV/0!,
Thursday,"March 12, 2026",,,#DIV/0!,,,#DIV/0!,#DIV/0!,,#DIV/0!,#DIV/0!,,#DIV/0!,,#DIV/0!,,#DIV/0!,,#DIV/0!,#DIV/0!,,#DIV/0!,#DIV/0!,#DIV/0!,#DIV/0!,,#DIV/0!,,#DIV/0!,,#DIV/0!,
Friday,"March 13, 2026",,,#DIV/0!,,,#DIV/0!,#DIV/0!,,#DIV/0!,#DIV/0!,,#DIV/0!,,#DIV/0!,,#DIV/0!,,#DIV/0!,#DIV/0!,,#DIV/0!,#DIV/0!,#DIV/0!,#DIV/0!,,#DIV/0!,,#DIV/0!,,#DIV/0!,
Saturday,"March 14, 2026",,,#DIV/0!,,,#DIV/0!,#DIV/0!,,#DIV/0!,#DIV/0!,,#DIV/0!,,#DIV/0!,,#DIV/0!,,#DIV/0!,#DIV/0!,,#DIV/0!,#DIV/0!,#DIV/0!,#DIV/0!,,#DIV/0!,,#DIV/0!,,#DIV/0!,
Sunday,"March 15, 2026",,,#DIV/0!,,,#DIV/0!,#DIV/0!,,#DIV/0!,#DIV/0!,,#DIV/0!,,#DIV/0!,,#DIV/0!,,#DIV/0!,#DIV/0!,,#DIV/0!,#DIV/0!,#DIV/0!,#DIV/0!,,#DIV/0!,,#DIV/0!,,#DIV/0!,
Monday,"March 16, 2026",,,#DIV/0!,,,#DIV/0!,#DIV/0!,,#DIV/0!,#DIV/0!,,#DIV/0!,,#DIV/0!,,#DIV/0!,,#DIV/0!,#DIV/0!,,#DIV/0!,#DIV/0!,#DIV/0!,#DIV/0!,,#DIV/0!,,#DIV/0!,,#DIV/0!,
Tuesday,"March 17, 2026",,,#DIV/0!,,,#DIV/0!,#DIV/0!,,#DIV/0!,#DIV/0!,,#DIV/0!,,#DIV/0!,,#DIV/0!,,#DIV/0!,#DIV/0!,,#DIV/0!,#DIV/0!,#DIV/0!,#DIV/0!,,#DIV/0!,,#DIV/0!,,#DIV/0!,
Wednesday,"March 18, 2026",,,#DIV/0!,,,#DIV/0!,#DIV/0!,,#DIV/0!,#DIV/0!,,#DIV/0!,,#DIV/0!,,#DIV/0!,,#DIV/0!,#DIV/0!,,#DIV/0!,#DIV/0!,#DIV/0!,#DIV/0!,,#DIV/0!,,#DIV/0!,,#DIV/0!,
Thursday,"March 19, 2026",,,#DIV/0!,,,#DIV/0!,#DIV/0!,,#DIV/0!,#DIV/0!,,#DIV/0!,,#DIV/0!,,#DIV/0!,,#DIV/0!,#DIV/0!,,#DIV/0!,#DIV/0!,#DIV/0!,#DIV/0!,,#DIV/0!,,#DIV/0!,,#DIV/0!,
Friday,"March 20, 2026",,,#DIV/0!,,,#DIV/0!,#DIV/0!,,#DIV/0!,#DIV/0!,,#DIV/0!,,#DIV/0!,,#DIV/0!,,#DIV/0!,#DIV/0!,,#DIV/0!,#DIV/0!,#DIV/0!,#DIV/0!,,#DIV/0!,,#DIV/0!,,#DIV/0!,
Saturday,"March 21, 2026",,,#DIV/0!,,,#DIV/0!,#DIV/0!,,#DIV/0!,#DIV/0!,,#DIV/0!,,#DIV/0!,,#DIV/0!,,#DIV/0!,#DIV/0!,,#DIV/0!,#DIV/0!,#DIV/0!,#DIV/0!,,#DIV/0!,,#DIV/0!,,#DIV/0!,
Sunday,"March 22, 2026",,,#DIV/0!,,,#DIV/0!,#DIV/0!,,#DIV/0!,#DIV/0!,,#DIV/0!,,#DIV/0!,,#DIV/0!,,#DIV/0!,#DIV/0!,,#DIV/0!,#DIV/0!,#DIV/0!,#DIV/0!,,#DIV/0!,,#DIV/0!,,#DIV/0!,
Monday,"March 23, 2026",,,#DIV/0!,,,#DIV/0!,#DIV/0!,,#DIV/0!,#DIV/0!,,#DIV/0!,,#DIV/0!,,#DIV/0!,,#DIV/0!,#DIV/0!,,#DIV/0!,#DIV/0!,#DIV/0!,#DIV/0!,,#DIV/0!,,#DIV/0!,,#DIV/0!,
Tuesday,"March 24, 2026",,,#DIV/0!,,,#DIV/0!,#DIV/0!,,#DIV/0!,#DIV/0!,,#DIV/0!,,#DIV/0!,,#DIV/0!,,#DIV/0!,#DIV/0!,,#DIV/0!,#DIV/0!,#DIV/0!,#DIV/0!,,#DIV/0!,,#DIV/0!,,#DIV/0!,
Wednesday,"March 25, 2026",,,#DIV/0!,,,#DIV/0!,#DIV/0!,,#DIV/0!,#DIV/0!,,#DIV/0!,,#DIV/0!,,#DIV/0!,,#DIV/0!,#DIV/0!,,#DIV/0!,#DIV/0!,#DIV/0!,#DIV/0!,,#DIV/0!,,#DIV/0!,,#DIV/0!,
Thursday,"March 26, 2026",,,#DIV/0!,,,#DIV/0!,#DIV/0!,,#DIV/0!,#DIV/0!,,#DIV/0!,,#DIV/0!,,#DIV/0!,,#DIV/0!,#DIV/0!,,#DIV/0!,#DIV/0!,#DIV/0!,#DIV/0!,,#DIV/0!,,#DIV/0!,,#DIV/0!,
Friday,"March 27, 2026",,,#DIV/0!,,,#DIV/0!,#DIV/0!,,#DIV/0!,#DIV/0!,,#DIV/0!,,#DIV/0!,,#DIV/0!,,#DIV/0!,#DIV/0!,,#DIV/0!,#DIV/0!,#DIV/0!,#DIV/0!,,#DIV/0!,,#DIV/0!,,#DIV/0!,
Saturday,"March 28, 2026",,,#DIV/0!,,,#DIV/0!,#DIV/0!,,#DIV/0!,#DIV/0!,,#DIV/0!,,#DIV/0!,,#DIV/0!,,#DIV/0!,#DIV/0!,,#DIV/0!,#DIV/0!,#DIV/0!,#DIV/0!,,#DIV/0!,,#DIV/0!,,#DIV/0!,
Sunday,"March 29, 2026",,,#DIV/0!,,,#DIV/0!,#DIV/0!,,#DIV/0!,#DIV/0!,,#DIV/0!,,#DIV/0!,,#DIV/0!,,#DIV/0!,#DIV/0!,,#DIV/0!,#DIV/0!,#DIV/0!,#DIV/0!,,#DIV/0!,,#DIV/0!,,#DIV/0!,
Monday,"March 30, 2026",,,#DIV/0!,,,#DIV/0!,#DIV/0!,,#DIV/0!,#DIV/0!,,#DIV/0!,,#DIV/0!,,#DIV/0!,,#DIV/0!,#DIV/0!,,#DIV/0!,#DIV/0!,#DIV/0!,#DIV/0!,,#DIV/0!,,#DIV/0!,,#DIV/0!,
Tuesday,"March 31, 2026",,,#DIV/0!,,,#DIV/0!,#DIV/0!,,#DIV/0!,#DIV/0!,,#DIV/0!,,#DIV/0!,,#DIV/0!,,#DIV/0!,#DIV/0!,,#DIV/0!,#DIV/0!,#DIV/0!,#DIV/0!,,#DIV/0!,,#DIV/0!,,#DIV/0!,
Wednesday,"April 1, 2026",,,#DIV/0!,,,#DIV/0!,#DIV/0!,,#DIV/0!,#DIV/0!,,#DIV/0!,,#DIV/0!,,#DIV/0!,,#DIV/0!,#DIV/0!,,#DIV/0!,#DIV/0!,#DIV/0!,#DIV/0!,,#DIV/0!,,#DIV/0!,,#DIV/0!,
Thursday,"April 2, 2026",,,#DIV/0!,,,#DIV/0!,#DIV/0!,,#DIV/0!,#DIV/0!,,#DIV/0!,,#DIV/0!,,#DIV/0!,,#DIV/0!,#DIV/0!,,#DIV/0!,#DIV/0!,#DIV/0!,#DIV/0!,,#DIV/0!,,#DIV/0!,,#DIV/0!,
Friday,"April 3, 2026",,,#DIV/0!,,,#DIV/0!,#DIV/0!,,#DIV/0!,#DIV/0!,,#DIV/0!,,#DIV/0!,,#DIV/0!,,#DIV/0!,#DIV/0!,,#DIV/0!,#DIV/0!,#DIV/0!,#DIV/0!,,#DIV/0!,,#DIV/0!,,#DIV/0!,
Saturday,"April 4, 2026",,,#DIV/0!,,,#DIV/0!,#DIV/0!,,#DIV/0!,#DIV/0!,,#DIV/0!,,#DIV/0!,,#DIV/0!,,#DIV/0!,#DIV/0!,,#DIV/0!,#DIV/0!,#DIV/0!,#DIV/0!,,#DIV/0!,,#DIV/0!,,#DIV/0!,
Sunday,"April 5, 2026",,,#DIV/0!,,,#DIV/0!,#DIV/0!,,#DIV/0!,#DIV/0!,,#DIV/0!,,#DIV/0!,,#DIV/0!,,#DIV/0!,#DIV/0!,,#DIV/0!,#DIV/0!,#DIV/0!,#DIV/0!,,#DIV/0!,,#DIV/0!,,#DIV/0!,
Monday,"April 6, 2026",,,#DIV/0!,,,#DIV/0!,#DIV/0!,,#DIV/0!,#DIV/0!,,#DIV/0!,,#DIV/0!,,#DIV/0!,,#DIV/0!,#DIV/0!,,#DIV/0!,#DIV/0!,#DIV/0!,#DIV/0!,,#DIV/0!,,#DIV/0!,,#DIV/0!,
Tuesday,"April 7, 2026",,,#DIV/0!,,,#DIV/0!,#DIV/0!,,#DIV/0!,#DIV/0!,,#DIV/0!,,#DIV/0!,,#DIV/0!,,#DIV/0!,#DIV/0!,,#DIV/0!,#DIV/0!,#DIV/0!,#DIV/0!,,#DIV/0!,,#DIV/0!,,#DIV/0!,
Wednesday,"April 8, 2026",,,#DIV/0!,,,#DIV/0!,#DIV/0!,,#DIV/0!,#DIV/0!,,#DIV/0!,,#DIV/0!,,#DIV/0!,,#DIV/0!,#DIV/0!,,#DIV/0!,#DIV/0!,#DIV/0!,#DIV/0!,,#DIV/0!,,#DIV/0!,,#DIV/0!,
Thursday,"April 9, 2026",,,#DIV/0!,,,#DIV/0!,#DIV/0!,,#DIV/0!,#DIV/0!,,#DIV/0!,,#DIV/0!,,#DIV/0!,,#DIV/0!,#DIV/0!,,#DIV/0!,#DIV/0!,#DIV/0!,#DIV/0!,,#DIV/0!,,#DIV/0!,,#DIV/0!,
Friday,"April 10, 2026",,,#DIV/0!,,,#DIV/0!,#DIV/0!,,#DIV/0!,#DIV/0!,,#DIV/0!,,#DIV/0!,,#DIV/0!,,#DIV/0!,#DIV/0!,,#DIV/0!,#DIV/0!,#DIV/0!,#DIV/0!,,#DIV/0!,,#DIV/0!,,#DIV/0!,
Saturday,"April 11, 2026",,,#DIV/0!,,,#DIV/0!,#DIV/0!,,#DIV/0!,#DIV/0!,,#DIV/0!,,#DIV/0!,,#DIV/0!,,#DIV/0!,#DIV/0!,,#DIV/0!,#DIV/0!,#DIV/0!,#DIV/0!,,#DIV/0!,,#DIV/0!,,#DIV/0!,
Sunday,"April 12, 2026",,,#DIV/0!,,,#DIV/0!,#DIV/0!,,#DIV/0!,#DIV/0!,,#DIV/0!,,#DIV/0!,,#DIV/0!,,#DIV/0!,#DIV/0!,,#DIV/0!,#DIV/0!,#DIV/0!,#DIV/0!,,#DIV/0!,,#DIV/0!,,#DIV/0!,
Monday,"April 13, 2026",,,#DIV/0!,,,#DIV/0!,#DIV/0!,,#DIV/0!,#DIV/0!,,#DIV/0!,,#DIV/0!,,#DIV/0!,,#DIV/0!,#DIV/0!,,#DIV/0!,#DIV/0!,#DIV/0!,#DIV/0!,,#DIV/0!,,#DIV/0!,,#DIV/0!,
Tuesday,"April 14, 2026",,,#DIV/0!,,,#DIV/0!,#DIV/0!,,#DIV/0!,#DIV/0!,,#DIV/0!,,#DIV/0!,,#DIV/0!,,#DIV/0!,#DIV/0!,,#DIV/0!,#DIV/0!,#DIV/0!,#DIV/0!,,#DIV/0!,,#DIV/0!,,#DIV/0!,
Wednesday,"April 15, 2026",,,#DIV/0!,,,#DIV/0!,#DIV/0!,,#DIV/0!,#DIV/0!,,#DIV/0!,,#DIV/0!,,#DIV/0!,,#DIV/0!,#DIV/0!,,#DIV/0!,#DIV/0!,#DIV/0!,#DIV/0!,,#DIV/0!,,#DIV/0!,,#DIV/0!,